Hours Studied Weekly,Class Participation Rate,Field of Study,Secondary School GPA,Hobby Activities,Employment Status,Online Research Hours,Student ID,Age,Hometown,Preferred Study Time,College GPA
6.77,85.24,Science,3.32,3,Unemployed,2.68,256811.0,22.0,Santa Ana,Afternoon,2.56
11.86,62.25,Engineering,3.34,3,Employed,16.84,878869.0,19.0,San Jose,Afternoon,3.05
0.58,94.29,Business,3.61,4,Unemployed,10.06,509916.0,22.0,San Francisco,Afternoon,2.89
19.35,53.94,Business,3.55,2,Employed,15.64,217307.0,22.0,San Francisco,,3.19
38.79,73.8,Science,2.95,2,Employed,7.71,371517.0,22.0,Anaheim,Evening,3.4
11.26,71.82,Arts,2.21,0,Unemployed,18.38,223734.0,22.0,San Jose,Evening,2.86
26.79,93.12,Engineering,3.63,1,Unemployed,12.7,968826.0,21.0,San Jose,Evening,3.71
33.77,98.44,Arts,3.2,2,Employed,19.36,327809.0,25.0,Fresno,Afternoon,4.0
37.58,97.68,Arts,2.07,2,Employed,4.29,718662.0,24.0,San Jose,Evening,3.18
1.01,52.75,Business,3.58,0,Unemployed,10.68,685316.0,23.0,San Jose,Morning,2.47
33.8,99.54,Business,2.79,1,Employed,3.34,947625.0,18.0,Sacramento,Afternoon,3.3
3.26,83.4,Science,2.63,1,Employed,2.67,547085.0,24.0,San Diego,Afternoon,2.19
12.54,62.61,Engineering,3.03,2,Unemployed,13.83,,21.0,San Diego,Morning,2.86
29.71,68.85,Science,3.34,2,Employed,4.41,489797.0,18.0,Anaheim,Afternoon,3.07
14.73,94.43,Science,3.85,4,Employed,15.91,618012.0,21.0,Anaheim,Morning,3.61
2.26,95.8,Business,2.05,2,Unemployed,10.6,,20.0,San Francisco,Evening,2.47
29.73,56.09,Science,2.61,0,Employed,16.76,703675.0,20.0,San Francisco,Morning,3.24
22.27,57.17,Business,2.08,4,Unemployed,6.13,409722.0,20.0,San Jose,Afternoon,2.39
18.61,52.21,Business,3.69,2,Employed,11.22,388858.0,19.0,Fresno,,3.01
16.54,69.69,Business,3.41,4,Employed,11.66,541806.0,24.0,Oakland,Morning,3.06
25.13,67.26,Engineering,2.54,0,Employed,4.73,151166.0,25.0,San Francisco,Evening,2.7
36.68,83.64,Business,3.54,2,Employed,14.55,852167.0,21.0,San Jose,Evening,3.97
16.82,58.08,Science,3.27,4,Employed,13.88,147795.0,24.0,Anaheim,Afternoon,3.0
15.5,89.85,Engineering,3.32,4,Unemployed,16.47,194449.0,25.0,San Francisco,Evening,3.44
14.45,79.01,Science,3.5,2,Unemployed,11.04,258566.0,24.0,Anaheim,Evening,3.12
7.97,55.55,Science,2.32,3,Employed,9.47,839303.0,22.0,Fresno,Evening,2.21
33.31,94.84,Business,3.2,0,Employed,6.3,586652.0,25.0,Bakersfield,Evening,3.49
9.21,92.47,Arts,3.04,0,Employed,8.6,810341.0,24.0,Los Angeles,Evening,2.87
22.18,87.7,Engineering,2.68,3,Employed,11.83,433688.0,20.0,San Jose,,3.18
31.25,,Arts,3.46,4,Employed,5.63,926237.0,24.0,Los Angeles,Morning,3.27
1.03,80.52,Engineering,2.87,1,Employed,10.15,106403.0,18.0,San Jose,Morning,2.53
20.14,59.89,Engineering,2.94,0,Employed,14.6,,20.0,San Francisco,Evening,3.02
16.09,87.99,Business,2.42,3,Unemployed,8.76,333550.0,25.0,Sacramento,,2.81
2.91,84.7,Business,3.48,4,Employed,4.48,165878.0,24.0,Sacramento,Afternoon,2.59
32.75,89.95,Arts,2.02,2,Employed,8.8,482072.0,20.0,Santa Ana,Afternoon,3.14
16.12,,Engineering,2.99,1,Employed,17.07,731797.0,20.0,Anaheim,Evening,3.45
14.91,94.44,Engineering,3.08,3,Unemployed,11.34,713042.0,24.0,San Jose,Morning,3.17
26.94,94.77,Engineering,2.54,2,Employed,14.13,686067.0,25.0,Bakersfield,Afternoon,3.44
17.74,71.5,Arts,2.34,2,Employed,3.96,486094.0,24.0,Los Angeles,Evening,2.41
14.88,89.43,Science,2.7,2,Employed,2.88,852586.0,18.0,Oakland,Morning,2.63
22.5,98.48,Business,2.21,1,Employed,4.21,633229.0,22.0,Oakland,Morning,2.84
14.45,63.3,Engineering,3.44,3,Unemployed,14.17,637430.0,22.0,Sacramento,Afternoon,3.05
30.15,88.26,Science,3.16,1,Employed,17.53,749842.0,18.0,Santa Ana,Afternoon,3.84
30.33,62.16,Business,2.08,3,Employed,19.72,663532.0,18.0,Oakland,Afternoon,3.28
30.2,64.27,Science,3.91,3,Unemployed,17.55,945139.0,18.0,San Diego,Afternoon,3.82
31.61,71.38,Engineering,3.54,4,Employed,17.27,767421.0,18.0,Santa Ana,Morning,3.77
21.74,72.11,Engineering,3.95,0,Employed,15.33,,21.0,Santa Ana,Afternoon,3.56
32.8,85.04,Science,3.29,0,Employed,19.77,216216.0,23.0,San Francisco,,4.0
10.74,55.24,Science,3.88,3,Employed,1.21,702864.0,21.0,Sacramento,Afternoon,2.44
36.58,92.08,Arts,3.61,1,Employed,14.03,983011.0,19.0,San Jose,Evening,4.0
16.08,56.81,Arts,2.62,4,Employed,14.9,,18.0,Anaheim,Morning,2.81
21.21,51.28,Engineering,3.51,2,Employed,9.61,768636.0,24.0,Los Angeles,Evening,2.94
6.65,70.16,Engineering,2.24,2,Employed,19.27,697551.0,21.0,Sacramento,Morning,2.76
1.4,88.75,Business,3.01,1,Employed,13.66,539011.0,21.0,Oakland,Afternoon,2.83
3.67,67.42,Arts,3.82,2,Unemployed,9.75,105299.0,20.0,Anaheim,Evening,2.75
0.09,92.51,Arts,3.05,2,Employed,10.68,915305.0,25.0,Fresno,Afternoon,2.73
30.83,83.17,Engineering,3.89,4,Employed,17.58,968956.0,,San Diego,Evening,4.0
30.39,85.44,Science,2.76,4,Unemployed,10.07,697077.0,18.0,San Francisco,Morning,3.33
16.67,75.85,Arts,3.05,3,Unemployed,12.05,331864.0,22.0,Oakland,Afternoon,3.03
24.35,79.47,Science,3.14,3,Employed,17.34,651950.0,22.0,San Francisco,Evening,3.53
6.0,58.19,Arts,3.92,0,Unemployed,11.77,385007.0,21.0,Fresno,Morning,2.84
33.78,94.37,Business,3.42,1,Employed,18.45,912280.0,21.0,San Diego,Afternoon,4.0
24.84,71.29,Arts,3.19,2,Employed,5.5,,23.0,Bakersfield,Afternoon,2.96
14.09,71.94,Arts,2.13,2,Unemployed,7.82,960659.0,21.0,Los Angeles,Afternoon,2.42
34.25,,Science,2.45,1,Unemployed,2.49,,18.0,San Jose,Evening,2.99
28.43,94.42,Science,2.25,2,Unemployed,5.9,492328.0,25.0,Bakersfield,Evening,3.02
16.73,87.2,Arts,3.02,1,Unemployed,11.79,432272.0,23.0,Bakersfield,Evening,3.14
14.52,72.07,Science,3.98,2,Unemployed,14.94,,25.0,Fresno,Afternoon,3.36
8.06,73.12,Science,3.68,1,Employed,3.48,893748.0,18.0,San Jose,Morning,2.62
6.99,63.92,Business,2.98,4,Employed,1.4,,24.0,Sacramento,Morning,2.11
18.06,52.92,Business,3.03,1,Employed,9.95,193749.0,25.0,Bakersfield,Morning,2.74
14.8,96.98,Science,2.08,2,Employed,9.13,,19.0,Santa Ana,Afternoon,2.78
2.46,54.98,Engineering,3.67,2,Unemployed,9.32,631470.0,21.0,San Diego,Morning,2.51
12.41,63.53,Science,2.76,4,Employed,7.56,912188.0,22.0,Sacramento,Afternoon,2.49
5.35,97.37,Engineering,2.06,3,Unemployed,1.0,800328.0,21.0,Oakland,Morning,2.12
32.08,78.89,Engineering,3.85,0,Employed,13.55,729724.0,25.0,Santa Ana,,3.85
19.13,92.65,Business,2.88,1,Unemployed,2.91,,24.0,Santa Ana,Evening,2.85
7.37,84.76,Business,3.35,2,Employed,6.56,769940.0,23.0,Anaheim,Afternoon,2.75
6.46,52.32,Engineering,3.08,0,Unemployed,16.85,626243.0,21.0,Fresno,Afternoon,2.74
32.75,57.49,Engineering,3.58,1,Unemployed,18.63,709795.0,20.0,Oakland,Morning,3.75
22.27,55.88,Engineering,3.92,1,Unemployed,2.34,425235.0,22.0,Sacramento,Evening,2.85
20.12,74.06,Science,3.24,0,Unemployed,4.86,625645.0,24.0,San Francisco,Afternoon,2.86
17.92,90.82,Science,2.23,2,Unemployed,17.76,,20.0,San Jose,Evening,3.22
29.78,85.91,Arts,3.18,1,Employed,5.81,610501.0,21.0,San Jose,,3.28
22.01,60.36,Arts,2.06,4,Employed,1.43,443115.0,25.0,Anaheim,Evening,2.2
4.77,70.84,Business,2.69,3,Employed,17.67,212590.0,25.0,Los Angeles,Evening,2.8
2.78,84.91,Business,2.15,4,Employed,7.86,731882.0,21.0,San Jose,Afternoon,2.27
10.71,94.72,Arts,2.57,4,Employed,1.28,246614.0,22.0,Anaheim,Evening,2.45
38.93,95.81,Business,3.8,2,Unemployed,3.37,162937.0,20.0,San Diego,Morning,3.74
3.27,75.23,Business,2.42,4,Employed,15.43,176974.0,20.0,Oakland,Afternoon,2.63
21.52,70.81,Science,3.57,2,Employed,10.33,919361.0,21.0,San Diego,Afternoon,3.21
36.83,82.59,Business,2.79,3,Unemployed,13.82,669545.0,25.0,Bakersfield,Afternoon,3.63
3.07,83.13,Science,2.74,0,Unemployed,12.59,373242.0,25.0,San Jose,Evening,2.69
7.61,98.66,Science,3.69,4,Unemployed,12.44,127910.0,22.0,Anaheim,Evening,3.26
24.84,74.9,Science,2.83,0,Unemployed,4.3,560137.0,19.0,Santa Ana,Morning,2.85
0.55,76.88,Business,3.96,1,Employed,11.12,908575.0,25.0,Santa Ana,,2.87
37.05,72.96,Engineering,2.4,1,Employed,5.98,847300.0,19.0,Sacramento,Evening,3.08
4.29,85.85,Arts,3.76,2,Unemployed,1.68,734653.0,19.0,Los Angeles,Morning,2.62
2.42,66.76,Arts,2.54,4,Employed,10.85,102451.0,19.0,Fresno,,2.3
7.69,51.78,Engineering,3.11,0,Employed,4.28,915683.0,24.0,Santa Ana,Afternoon,2.19
24.41,77.81,Science,2.24,4,Employed,19.74,786900.0,21.0,San Jose,Morning,3.34
37.64,64.06,Arts,2.09,4,Employed,18.62,770370.0,21.0,San Francisco,Afternoon,3.45
19.16,87.4,Engineering,2.75,2,Unemployed,3.04,873224.0,25.0,Sacramento,Morning,2.75
21.41,58.59,Arts,2.36,1,Employed,6.61,299026.0,21.0,Los Angeles,Morning,2.52
17.72,92.26,Business,2.98,3,Employed,0.92,377736.0,25.0,Los Angeles,Morning,2.74
21.45,88.05,Arts,2.49,0,Unemployed,9.44,521570.0,19.0,San Jose,Afternoon,3.0
10.77,68.83,Business,2.08,3,Employed,1.66,600723.0,24.0,Santa Ana,Evening,1.92
27.8,58.61,Science,3.44,2,Unemployed,19.26,,18.0,Los Angeles,Morning,3.59
28.4,92.76,Science,2.67,4,Unemployed,12.11,432018.0,19.0,Los Angeles,Afternoon,3.42
20.83,67.08,Science,2.34,4,Employed,6.47,425521.0,24.0,Anaheim,Afternoon,2.6
34.38,55.21,Science,3.9,2,Employed,7.49,,19.0,Oakland,Evening,3.37
26.43,75.41,Engineering,2.98,1,Unemployed,15.0,,23.0,Oakland,Morning,3.41
19.74,52.02,Engineering,3.13,2,Employed,13.23,783177.0,21.0,Sacramento,Afternoon,2.94
33.68,58.04,Engineering,3.92,0,Employed,6.38,317142.0,23.0,Los Angeles,Morning,3.34
23.37,56.62,Science,2.24,0,Unemployed,17.75,593405.0,19.0,Los Angeles,Evening,2.99
3.04,74.95,Arts,2.36,3,Unemployed,16.78,243126.0,22.0,Fresno,Morning,2.65
32.1,66.41,Arts,3.42,1,Unemployed,1.56,397377.0,19.0,San Jose,Morning,3.01
33.82,86.23,Engineering,3.12,1,Unemployed,0.93,330861.0,24.0,Oakland,Evening,3.15
1.92,55.41,Science,2.83,2,Unemployed,16.42,822321.0,25.0,San Francisco,Morning,2.54
30.82,65.28,Engineering,2.22,0,Unemployed,7.32,858023.0,23.0,Oakland,Afternoon,2.84
39.23,64.93,Science,3.17,1,Employed,0.27,565710.0,25.0,San Diego,Evening,3.05
31.63,87.36,Science,2.88,0,Employed,1.91,,20.0,San Jose,Evening,3.07
15.92,93.99,Science,3.34,2,Employed,16.73,160100.0,23.0,Anaheim,Afternoon,3.51
28.71,74.64,Science,2.6,2,Unemployed,16.29,155060.0,25.0,Santa Ana,Afternoon,3.39
11.69,78.08,Science,2.81,0,Employed,14.71,306314.0,20.0,Oakland,Afternoon,2.95
26.31,89.84,Arts,2.62,0,Unemployed,7.35,270630.0,,Anaheim,Evening,3.11
20.7,93.56,Business,2.4,4,Employed,5.08,216849.0,19.0,Los Angeles,Morning,2.83
26.49,88.19,Arts,3.02,3,Employed,17.48,959211.0,23.0,Bakersfield,,3.65
16.55,62.95,Science,3.66,1,Unemployed,3.33,777806.0,25.0,Oakland,Evening,2.73
6.17,53.65,Arts,2.07,2,Unemployed,8.53,955447.0,20.0,Oakland,Evening,1.95
16.84,60.55,Arts,2.97,2,Unemployed,17.53,105577.0,24.0,Fresno,Evening,3.08
19.1,80.98,Arts,3.5,1,Employed,9.35,896408.0,23.0,San Diego,Morning,3.18
27.11,77.44,Arts,3.27,3,Employed,7.14,,22.0,Anaheim,,3.2
11.38,75.39,Engineering,3.99,3,Employed,10.22,,19.0,Santa Ana,Morning,3.12
25.83,53.66,Arts,2.11,3,Employed,16.37,736729.0,19.0,Bakersfield,Evening,2.92
9.35,70.54,Science,2.32,1,Unemployed,9.58,584903.0,18.0,Sacramento,Evening,2.41
30.6,51.31,Engineering,2.64,0,Unemployed,11.49,631471.0,20.0,San Jose,Evening,2.98
28.88,82.67,Business,2.01,4,Employed,7.85,383916.0,23.0,San Francisco,Morning,2.91
4.71,62.29,Science,3.04,4,Unemployed,10.73,,,Oakland,Evening,2.5
23.71,85.35,Business,3.28,0,Employed,16.13,928152.0,24.0,San Francisco,Evening,3.58
3.52,76.61,Business,2.84,2,Unemployed,10.96,754206.0,22.0,Santa Ana,Afternoon,2.59
38.76,52.71,Engineering,2.83,4,Employed,9.93,177381.0,23.0,San Jose,Evening,3.22
13.57,,Business,3.75,4,Unemployed,9.42,989170.0,20.0,San Francisco,Evening,2.87
0.81,95.59,Business,3.22,0,Unemployed,15.53,201773.0,25.0,Fresno,Morning,3.02
20.14,93.79,Engineering,2.53,3,Employed,4.56,258846.0,25.0,Sacramento,Afternoon,2.84
4.87,90.79,Business,2.64,0,Unemployed,8.49,376672.0,18.0,San Francisco,Morning,2.62
26.04,78.56,Business,2.4,1,Employed,6.15,876181.0,22.0,San Diego,Morning,2.86
29.24,68.01,Business,2.53,2,Unemployed,2.36,261554.0,23.0,Anaheim,Morning,2.72
34.37,97.94,Engineering,3.34,3,Unemployed,12.41,118747.0,23.0,Fresno,Afternoon,3.91
35.55,95.47,Science,3.28,2,Unemployed,13.24,,24.0,Sacramento,Morning,3.92
12.38,50.85,Engineering,2.52,2,Employed,1.94,702214.0,25.0,Oakland,Morning,1.93
14.31,56.05,Engineering,3.08,0,Employed,18.51,660083.0,19.0,Santa Ana,Afternoon,3.04
38.98,77.15,Business,3.72,0,Employed,11.83,272113.0,19.0,Sacramento,Evening,3.9
17.36,84.53,Arts,2.54,1,Employed,5.62,387405.0,22.0,Fresno,Afternoon,2.72
16.19,73.24,Business,2.05,0,Employed,0.41,985166.0,18.0,San Diego,,2.12
37.01,59.1,Arts,2.55,4,Employed,10.82,450268.0,18.0,Sacramento,,3.19
7.49,71.01,Science,3.88,1,Unemployed,6.65,,20.0,Oakland,Afternoon,2.78
18.96,60.27,Arts,2.04,2,Unemployed,19.59,103869.0,24.0,Santa Ana,Evening,2.93
19.42,90.21,Business,2.24,2,Unemployed,19.33,710958.0,24.0,Oakland,Evening,3.32
29.7,77.11,Science,2.35,1,Unemployed,9.61,824730.0,21.0,Los Angeles,Evening,3.06
17.42,70.44,Business,3.41,3,Unemployed,13.7,361827.0,18.0,Fresno,Afternoon,3.18
34.53,57.08,Business,3.96,3,Unemployed,11.6,792706.0,19.0,San Jose,Evening,3.6
26.81,75.72,Science,3.18,1,Unemployed,2.04,243665.0,20.0,Sacramento,Morning,2.91
37.24,78.32,Engineering,2.18,0,Unemployed,5.49,164451.0,25.0,San Francisco,Afternoon,3.04
10.48,82.66,Engineering,2.92,1,Unemployed,3.5,896071.0,24.0,Los Angeles,Evening,2.54
32.5,85.28,Engineering,3.57,0,Unemployed,6.45,804459.0,22.0,Oakland,Morning,3.49
4.67,52.09,Business,2.36,0,Unemployed,5.38,190793.0,23.0,Santa Ana,,1.76
32.08,68.89,Science,2.59,3,Unemployed,4.78,200053.0,25.0,Santa Ana,Morning,2.91
33.95,68.6,Business,3.34,3,Unemployed,15.09,162492.0,25.0,Bakersfield,Morning,3.64
16.26,,Science,2.64,0,Unemployed,16.99,,22.0,Bakersfield,Morning,2.91
28.0,66.11,Engineering,3.46,1,Unemployed,9.14,341162.0,25.0,Bakersfield,Afternoon,3.25
38.75,52.21,Business,3.59,1,Unemployed,15.53,228849.0,23.0,Sacramento,Morning,3.69
7.4,73.11,Business,3.66,4,Unemployed,2.09,102113.0,18.0,Anaheim,Afternoon,2.53
24.73,75.69,Arts,3.1,3,Employed,16.14,900018.0,19.0,San Francisco,,3.44
1.9,74.46,Engineering,2.76,1,Unemployed,12.39,675823.0,24.0,Bakersfield,Morning,2.55
13.54,57.1,Business,3.24,2,Employed,14.2,535043.0,24.0,Oakland,Afternoon,2.9
5.65,55.29,Arts,2.37,1,Employed,3.56,923804.0,19.0,Anaheim,Afternoon,1.69
21.47,87.96,Arts,2.41,1,Employed,18.14,971884.0,21.0,San Jose,Afternoon,3.35
24.13,87.44,Engineering,3.64,4,Employed,8.08,493957.0,24.0,Anaheim,Afternoon,3.39
39.58,64.85,Engineering,3.63,4,Employed,2.74,429148.0,19.0,Santa Ana,Morning,3.32
38.67,84.0,Engineering,2.81,2,Employed,15.3,548131.0,19.0,San Jose,Morning,3.78
35.31,97.08,Engineering,2.93,3,Employed,15.76,911445.0,18.0,Sacramento,Afternoon,3.93
22.7,91.95,Engineering,2.86,0,Employed,10.0,,18.0,Los Angeles,Evening,3.23
35.44,64.77,Business,2.9,2,Employed,5.48,162417.0,23.0,Fresno,Evening,3.09
14.2,56.66,Science,2.46,4,Unemployed,1.75,271083.0,22.0,San Diego,Afternoon,2.06
8.04,52.56,Engineering,2.44,0,Employed,6.74,443102.0,23.0,Santa Ana,Morning,2.05
21.04,75.19,Arts,3.67,3,Employed,11.91,,22.0,Los Angeles,Morning,3.35
21.25,72.88,Science,3.33,2,Employed,14.95,363347.0,20.0,San Francisco,,3.35
36.4,87.56,Business,3.95,0,Employed,17.77,448077.0,24.0,Sacramento,Morning,4.0
0.23,88.42,Engineering,2.32,3,Employed,11.4,162663.0,18.0,Sacramento,Afternoon,2.45
34.22,53.5,Engineering,3.85,0,Employed,2.12,790686.0,23.0,Los Angeles,Morning,3.1
24.33,,Engineering,3.53,0,Unemployed,13.66,363739.0,19.0,Sacramento,Afternoon,3.72
37.59,62.9,Business,3.06,2,Unemployed,0.56,738042.0,21.0,Santa Ana,Afternoon,2.96
29.81,68.71,Business,3.31,0,Employed,15.27,283841.0,18.0,Los Angeles,Morning,3.53
14.65,78.81,Arts,3.68,4,Employed,9.45,581635.0,21.0,San Francisco,,3.11
25.39,51.91,Arts,3.06,0,Unemployed,13.75,130554.0,20.0,Bakersfield,Morning,3.09
14.79,85.64,Business,3.29,2,Unemployed,16.74,288454.0,22.0,Anaheim,Evening,3.37
36.86,59.61,Arts,3.95,1,Unemployed,5.95,386053.0,22.0,Sacramento,Afternoon,3.43
0.79,95.85,Engineering,3.44,2,Employed,11.07,183482.0,24.0,Los Angeles,,2.9
22.19,62.34,Arts,2.16,1,Employed,5.45,444538.0,24.0,Oakland,Evening,2.45
20.29,70.67,Arts,3.43,2,Employed,14.26,970958.0,24.0,Los Angeles,Morning,3.3
7.61,61.22,Arts,3.95,4,Unemployed,8.33,947830.0,23.0,San Diego,Morning,2.77
17.13,82.3,Science,2.78,3,Employed,6.12,351904.0,24.0,Oakland,Afternoon,2.78
11.88,68.87,Science,2.09,2,Unemployed,18.19,232164.0,24.0,Anaheim,Evening,2.8
26.82,61.96,Science,3.45,3,Unemployed,2.58,256412.0,25.0,Los Angeles,Morning,2.88
30.13,92.2,Business,2.62,4,Unemployed,2.77,915942.0,25.0,Bakersfield,Afternoon,3.03
30.86,85.15,Science,3.84,3,Unemployed,9.65,445947.0,18.0,Anaheim,Afternoon,3.67
15.77,73.58,Arts,2.37,2,Employed,15.17,176693.0,20.0,Bakersfield,Morning,2.9
7.66,64.3,Science,2.75,3,Employed,1.57,366587.0,18.0,Fresno,Evening,2.03
11.76,93.61,Business,2.05,0,Unemployed,17.39,928590.0,23.0,Santa Ana,Evening,3.0
21.39,70.97,Business,2.88,0,Employed,0.85,165422.0,18.0,Los Angeles,Morning,2.59
24.61,,Engineering,2.38,2,Unemployed,1.92,353527.0,20.0,San Diego,Morning,2.59
31.79,59.6,Business,3.19,4,Employed,9.5,111135.0,18.0,Sacramento,Morning,3.21
28.79,91.7,Science,3.49,4,Unemployed,9.06,188993.0,20.0,Los Angeles,,3.54
6.97,77.5,Arts,2.56,1,Employed,5.73,343326.0,19.0,Sacramento,Afternoon,2.32
29.76,82.84,Arts,2.27,2,Employed,18.75,709930.0,24.0,Los Angeles,Evening,3.5
4.6,70.94,Business,2.24,3,Unemployed,11.63,238164.0,22.0,Fresno,Afternoon,2.34
36.71,50.97,Business,2.51,4,Employed,0.69,901884.0,18.0,Anaheim,,2.66
27.59,65.03,Business,3.66,2,Unemployed,14.83,136915.0,22.0,Anaheim,Evening,3.52
4.48,51.03,Arts,2.87,0,Employed,3.73,,25.0,San Jose,,1.89
33.46,51.5,Engineering,2.39,2,Unemployed,14.98,,19.0,Santa Ana,Afternoon,3.14
27.14,99.26,Arts,2.57,4,Unemployed,11.12,930810.0,23.0,Los Angeles,Evening,3.38
28.48,54.74,Science,2.7,4,Employed,0.15,824989.0,25.0,Santa Ana,Evening,2.49
19.5,72.55,Business,2.41,1,Unemployed,16.65,879925.0,23.0,San Francisco,,3.06
24.19,91.94,Business,3.08,3,Unemployed,10.21,469291.0,19.0,Los Angeles,Afternoon,3.35
17.12,71.08,Engineering,3.14,2,Unemployed,15.78,648179.0,20.0,Bakersfield,Evening,3.19
22.7,62.44,Science,3.56,4,Employed,8.91,338699.0,20.0,Oakland,Evening,3.08
31.59,70.7,Arts,3.39,1,Employed,16.98,834073.0,21.0,Bakersfield,Afternoon,3.7
7.99,91.19,Arts,2.49,1,Unemployed,17.04,294580.0,25.0,Fresno,Morning,3.0
35.04,52.24,Business,2.32,3,Unemployed,10.66,815943.0,23.0,San Jose,Afternoon,2.97
12.24,74.44,Science,3.81,4,Employed,13.85,182410.0,19.0,Anaheim,Evening,3.23
5.9,59.68,Engineering,3.65,3,Employed,7.22,144438.0,20.0,Anaheim,Evening,2.57
25.38,,Business,2.01,2,Unemployed,16.57,762372.0,25.0,San Diego,Morning,2.88
20.98,89.28,Arts,2.05,0,Unemployed,4.69,456981.0,19.0,Santa Ana,Afternoon,2.67
11.66,50.72,Arts,2.98,1,Unemployed,18.83,427312.0,20.0,Santa Ana,Evening,2.89
25.13,70.75,Science,3.68,2,Employed,6.6,705411.0,21.0,San Diego,Morning,3.18
28.57,,Business,3.85,4,Unemployed,13.99,731024.0,23.0,Santa Ana,Morning,3.72
10.9,58.64,Arts,2.39,2,Unemployed,4.02,979872.0,23.0,San Jose,Afternoon,2.06
4.67,94.97,Science,3.62,4,Unemployed,1.69,286585.0,24.0,Santa Ana,Morning,2.67
20.41,70.43,Engineering,2.83,4,Unemployed,4.19,433999.0,21.0,San Francisco,Evening,2.68
11.32,59.11,Business,3.3,3,Unemployed,19.97,917720.0,21.0,Bakersfield,Morning,3.14
13.01,80.56,Arts,2.63,3,Employed,19.52,132078.0,21.0,Anaheim,Evening,3.17
19.76,81.97,Science,2.25,2,Unemployed,0.62,393077.0,20.0,San Jose,Afternoon,2.4
29.25,69.43,Engineering,3.42,4,Unemployed,9.64,101660.0,19.0,Fresno,Afternoon,3.33
0.6,51.57,Science,2.62,1,Employed,13.17,559833.0,25.0,Anaheim,Evening,2.23
19.13,83.08,Engineering,2.06,2,Employed,2.43,644479.0,20.0,Santa Ana,Afternoon,2.42
4.94,61.89,Science,3.93,0,Employed,7.46,,22.0,Fresno,Afternoon,2.67
34.13,57.5,Engineering,2.86,4,Employed,5.49,840065.0,25.0,San Diego,Afternoon,2.95
10.39,91.05,Science,2.2,2,Employed,10.34,822361.0,20.0,San Diego,Evening,2.7
16.16,,Science,3.62,3,Employed,5.79,353988.0,25.0,Fresno,Morning,2.93
1.9,72.4,Arts,3.7,0,Employed,8.7,,23.0,San Jose,Afternoon,2.68
5.97,87.74,Arts,2.6,0,Employed,5.91,851656.0,19.0,Bakersfield,Afternoon,2.45
0.07,73.53,Science,3.37,3,Employed,0.31,927767.0,21.0,San Francisco,Evening,2.1
14.4,80.59,Engineering,2.24,4,Unemployed,16.88,,21.0,Bakersfield,Evening,2.96
32.43,70.31,Business,2.77,1,Employed,17.17,939446.0,24.0,Anaheim,Morning,3.52
23.03,94.38,Arts,2.44,0,Employed,19.31,570819.0,22.0,San Jose,Morning,3.52
33.6,78.28,Engineering,2.49,2,Employed,14.67,548198.0,24.0,Anaheim,Evening,3.45
7.02,95.13,Business,3.93,0,Employed,16.24,669603.0,21.0,Fresno,Morning,3.45
27.09,94.94,Arts,2.07,1,Employed,1.26,360265.0,19.0,Los Angeles,,2.75
29.83,87.93,Engineering,3.1,1,Unemployed,19.21,645675.0,20.0,Bakersfield,Afternoon,3.88
13.76,77.4,Engineering,3.27,0,Employed,6.12,434347.0,23.0,Fresno,Morning,2.8
4.57,82.71,Business,2.67,0,Unemployed,0.95,448561.0,25.0,San Diego,Afternoon,2.14
29.69,61.1,Business,2.49,0,Employed,11.82,378778.0,22.0,Los Angeles,Morning,3.03
20.86,95.96,Business,3.59,4,Employed,1.02,396759.0,23.0,San Diego,Evening,3.06
18.79,92.99,Science,2.34,1,Unemployed,3.82,320409.0,22.0,San Francisco,Evening,2.71
33.48,89.36,Arts,3.3,3,Employed,19.43,,23.0,San Francisco,Afternoon,4.0
19.72,51.27,Arts,4.0,2,Employed,11.98,725474.0,24.0,Santa Ana,Afternoon,3.16
11.8,59.73,Arts,3.68,1,Unemployed,15.68,782650.0,21.0,San Diego,Afternoon,3.1
29.94,95.83,Engineering,2.85,2,Unemployed,0.28,465959.0,20.0,San Francisco,Morning,3.03
10.79,90.45,Engineering,3.36,2,Employed,8.77,930162.0,24.0,Fresno,Evening,2.99
11.05,92.31,Arts,3.18,3,Unemployed,8.44,400977.0,23.0,Fresno,Evening,2.94
8.35,70.23,Science,3.3,3,Employed,15.7,312035.0,22.0,Oakland,Evening,2.98
4.14,62.82,Science,2.62,2,Employed,4.72,144295.0,21.0,Santa Ana,Evening,2.01
32.06,94.53,Business,3.01,0,Employed,7.92,569675.0,23.0,San Diego,Evening,3.46
28.03,68.65,Science,2.15,4,Unemployed,0.91,409182.0,23.0,Sacramento,Afternoon,2.48
15.33,64.94,Science,2.46,2,Unemployed,7.14,681262.0,24.0,Anaheim,Evening,2.47
29.0,65.04,Business,2.8,3,Unemployed,3.1,582889.0,20.0,San Diego,Evening,2.79
38.45,94.12,Business,2.31,0,Employed,17.89,144525.0,19.0,San Diego,Morning,3.87
18.65,58.85,Business,2.32,3,Unemployed,18.22,346291.0,22.0,San Jose,Afternoon,2.94
19.53,91.65,Engineering,2.36,0,Unemployed,19.72,796049.0,23.0,Fresno,Afternoon,3.4
21.16,73.88,Business,3.1,4,Unemployed,6.39,,21.0,Sacramento,Morning,2.9
10.66,63.06,Science,2.9,4,Employed,7.44,126060.0,23.0,Fresno,Afternoon,2.47
9.92,79.21,Science,3.24,4,Employed,14.34,944274.0,24.0,San Diego,Afternoon,3.04
19.54,63.95,Science,3.96,1,Employed,14.02,182581.0,24.0,San Francisco,Morning,3.37
20.03,75.74,Engineering,3.21,1,Employed,10.76,518430.0,22.0,Los Angeles,Afternoon,3.13
11.57,80.68,Engineering,2.45,3,Employed,10.82,442481.0,19.0,Sacramento,Evening,2.72
23.29,79.15,Engineering,2.53,4,Employed,4.43,133083.0,24.0,San Diego,Evening,2.76
30.83,90.81,Business,2.39,1,Unemployed,4.56,991649.0,18.0,Oakland,Evening,3.04
27.58,80.94,Science,3.55,4,Employed,9.03,858523.0,22.0,Oakland,Afternoon,3.42
5.88,61.03,Science,2.99,0,Employed,0.74,440068.0,18.0,Bakersfield,Evening,1.98
25.7,64.74,Arts,2.23,3,Employed,9.39,902647.0,21.0,San Francisco,Morning,2.79
0.14,70.11,Engineering,3.75,2,Employed,11.9,648923.0,18.0,San Francisco,Evening,2.75
15.71,88.47,Business,2.79,4,Unemployed,9.09,143844.0,23.0,San Jose,Morning,2.93
18.44,95.21,Engineering,3.22,3,Employed,5.29,994522.0,25.0,Oakland,Morning,3.04
31.82,51.23,Arts,3.95,4,Unemployed,14.31,244415.0,21.0,Santa Ana,Afternoon,3.57
35.2,99.67,Arts,3.17,2,Employed,1.14,306308.0,23.0,Bakersfield,Evening,3.36
28.73,74.57,Business,3.02,3,Employed,15.89,704824.0,24.0,Anaheim,Evening,3.5
31.01,56.59,Business,3.82,4,Unemployed,7.48,,24.0,Los Angeles,Evening,3.27
37.26,78.27,Science,3.79,2,Employed,6.56,601394.0,24.0,San Jose,Afternoon,3.63
19.38,72.93,Engineering,2.91,3,Unemployed,17.6,785399.0,22.0,San Diego,,3.28
11.19,52.47,Business,3.37,3,Unemployed,13.69,841408.0,23.0,Santa Ana,Afternoon,2.82
14.81,78.88,Science,3.36,3,Unemployed,8.55,319640.0,23.0,Sacramento,Afternoon,2.96
17.14,96.58,Science,2.59,0,Employed,12.77,973729.0,25.0,San Jose,Morning,3.15
12.65,73.63,Engineering,2.33,0,Unemployed,2.99,,22.0,San Francisco,Evening,2.26
12.15,61.46,Arts,3.14,0,Unemployed,16.76,582781.0,25.0,Fresno,,2.99
39.31,83.55,Engineering,2.07,4,Employed,9.5,752827.0,24.0,Bakersfield,Evening,3.31
39.69,63.38,Engineering,3.65,1,Unemployed,16.79,543343.0,21.0,Los Angeles,Morning,3.96
25.72,95.76,Engineering,3.52,3,Unemployed,4.8,675037.0,24.0,San Francisco,Evening,3.34
32.39,73.85,Science,3.42,4,Unemployed,6.01,610532.0,25.0,San Francisco,Evening,3.3
28.85,89.23,Engineering,3.86,2,Employed,9.6,921410.0,20.0,Los Angeles,Evening,3.65
27.28,52.46,Engineering,3.92,1,Unemployed,17.41,,19.0,Fresno,Morning,3.58
5.86,86.62,Engineering,2.93,0,Employed,8.71,569700.0,21.0,Oakland,Afternoon,2.69
5.47,57.4,Business,3.35,2,Unemployed,15.86,267872.0,22.0,Fresno,,2.8
35.43,60.89,Arts,3.95,0,Employed,14.67,808333.0,20.0,Santa Ana,Evening,3.79
0.57,93.07,Business,3.71,2,Unemployed,8.14,619676.0,19.0,San Jose,Morning,2.85
27.19,56.2,Science,3.31,4,Employed,3.17,,24.0,Los Angeles,Evening,2.81
32.19,64.74,Science,2.88,2,Employed,4.05,373174.0,19.0,San Francisco,Afternoon,2.93
28.72,68.5,Arts,3.49,1,Employed,5.74,311638.0,23.0,Oakland,Evening,3.15
5.78,95.5,Arts,2.12,2,Unemployed,19.84,897727.0,21.0,Los Angeles,Morning,2.98
25.62,57.14,Engineering,2.05,4,Unemployed,1.19,,22.0,San Francisco,Morning,2.27
4.94,80.85,Engineering,3.51,3,Unemployed,8.33,577623.0,18.0,Los Angeles,,2.77
18.49,60.15,Arts,2.26,3,Unemployed,17.23,439551.0,20.0,Sacramento,Evening,2.88
26.19,64.44,Business,3.62,1,Employed,6.08,983038.0,23.0,Fresno,Evening,3.1
14.87,72.25,Engineering,2.79,0,Unemployed,4.92,283405.0,19.0,San Francisco,Afternoon,2.57
20.69,77.36,Engineering,3.9,3,Employed,18.14,210391.0,20.0,Sacramento,Evening,3.68
37.88,58.77,Engineering,2.13,4,Unemployed,17.95,996455.0,22.0,Los Angeles,Evening,3.38
12.42,79.78,Business,3.01,4,Unemployed,1.66,379490.0,25.0,San Jose,Evening,2.5
7.0,80.36,Business,2.54,4,Employed,2.65,138754.0,20.0,Bakersfield,Evening,2.24
36.3,70.43,Engineering,2.2,1,Unemployed,19.74,831102.0,18.0,Anaheim,Morning,3.56
19.33,60.04,Science,3.08,4,Unemployed,10.19,514454.0,20.0,Sacramento,Evening,2.87
19.85,66.7,Arts,2.01,1,Unemployed,0.71,678727.0,23.0,San Francisco,Afternoon,2.18
38.14,54.9,Arts,2.42,2,Employed,7.28,212817.0,19.0,Oakland,Morning,2.97
10.71,87.24,Science,2.9,0,Employed,13.03,472350.0,25.0,San Diego,Morning,2.99
31.86,50.73,Arts,2.69,2,Employed,2.98,162818.0,18.0,Santa Ana,Morning,2.68
22.41,66.59,Business,3.73,2,Unemployed,0.16,321093.0,25.0,San Francisco,Afternoon,2.81
27.6,96.22,Science,2.57,1,Unemployed,7.48,905902.0,23.0,Los Angeles,Morning,3.2
18.83,59.38,Engineering,2.64,0,Employed,6.99,,20.0,Anaheim,Afternoon,2.58
15.35,76.18,Science,3.82,2,Unemployed,19.66,556582.0,22.0,Los Angeles,Afternoon,3.58
5.76,57.46,Arts,2.34,0,Employed,17.45,609249.0,24.0,Anaheim,Morning,2.56
39.5,97.49,Science,3.25,0,Employed,14.61,458384.0,20.0,Sacramento,Evening,4.0
29.09,91.03,Engineering,2.79,3,Employed,17.9,465923.0,20.0,Bakersfield,Afternoon,3.7
18.2,65.63,Engineering,2.13,1,Unemployed,15.42,770413.0,20.0,Los Angeles,Evening,2.82
19.72,87.6,Arts,3.59,4,Unemployed,15.12,,19.0,San Jose,Afternoon,3.55
0.01,78.37,Arts,4.0,4,Unemployed,9.0,761978.0,21.0,Santa Ana,Morning,2.8
1.18,61.08,Science,2.84,2,Employed,3.06,792206.0,18.0,Bakersfield,Morning,1.85
32.3,56.72,Business,3.2,0,Unemployed,10.22,823094.0,25.0,Fresno,Evening,3.22
1.85,62.46,Engineering,3.67,0,Unemployed,16.89,,21.0,Anaheim,Evening,2.89
30.87,81.45,Science,3.57,0,Unemployed,18.63,775467.0,22.0,Anaheim,Evening,3.98
28.53,97.74,Business,3.01,0,Unemployed,2.33,340414.0,20.0,San Diego,Evening,3.16
27.17,88.84,Arts,2.57,4,Employed,5.22,439650.0,19.0,San Francisco,Afternoon,3.01
21.78,95.17,Science,2.5,0,Unemployed,15.84,700957.0,24.0,San Francisco,Evening,3.37
13.89,59.7,Arts,3.74,3,Employed,13.48,347066.0,22.0,Fresno,Afternoon,3.07
38.9,95.73,Science,2.15,2,Unemployed,7.87,514016.0,19.0,Oakland,Morning,3.38
36.43,54.23,Arts,3.18,2,Employed,14.27,568428.0,25.0,Santa Ana,,3.47
18.97,97.21,Business,2.98,3,Employed,4.18,385960.0,24.0,Fresno,Afternoon,2.95
7.02,57.06,Engineering,2.98,3,Unemployed,1.34,282391.0,24.0,Anaheim,Afternoon,1.99
9.38,68.08,Business,3.61,3,Employed,6.8,272411.0,25.0,Anaheim,Afternoon,2.73
0.56,67.28,Business,2.3,4,Unemployed,18.08,563487.0,23.0,San Jose,Evening,2.53
34.89,66.49,Arts,3.98,1,Unemployed,16.16,,23.0,Santa Ana,Evening,3.95
14.54,86.83,Science,2.63,0,Employed,16.09,397141.0,22.0,San Diego,Afternoon,3.14
19.43,91.97,Engineering,3.65,0,Unemployed,19.43,603733.0,22.0,Los Angeles,Afternoon,3.83
21.06,78.52,Business,2.33,2,Employed,18.65,,25.0,Anaheim,Evening,3.24
31.73,77.3,Arts,3.52,1,Unemployed,8.05,424991.0,25.0,Santa Ana,Afternoon,3.44
24.61,63.07,Science,3.35,2,Employed,4.61,745784.0,21.0,Santa Ana,Afternoon,2.88
2.77,95.17,Science,3.59,3,Employed,0.03,906531.0,20.0,Bakersfield,Afternoon,2.53
15.08,78.24,Arts,4.0,1,Unemployed,12.64,611775.0,20.0,Oakland,Morning,3.36
18.25,70.57,Arts,3.37,4,Employed,13.1,648505.0,22.0,Sacramento,Evening,3.17
28.73,77.97,Engineering,3.03,4,Unemployed,18.67,,22.0,Oakland,Evening,3.65
31.36,55.22,Arts,3.4,3,Unemployed,9.29,577397.0,20.0,Fresno,Morning,3.21
0.21,55.57,Arts,3.52,3,Unemployed,2.01,890094.0,22.0,Oakland,Evening,2.0
23.95,96.36,Arts,2.92,0,Unemployed,16.52,157559.0,25.0,Los Angeles,Morning,3.6
1.19,60.93,Business,2.46,2,Unemployed,7.38,240981.0,24.0,Oakland,Morning,1.97
33.42,63.51,Science,2.44,0,Unemployed,3.57,766933.0,21.0,Bakersfield,Afternoon,2.8
9.6,77.86,Engineering,2.04,0,Employed,9.03,476877.0,25.0,San Jose,Afternoon,2.37
13.33,,Engineering,3.52,4,Unemployed,11.13,,21.0,San Diego,Evening,3.03
9.32,77.79,Science,2.7,4,Employed,12.6,996704.0,25.0,Bakersfield,Afternoon,2.78
34.71,68.27,Arts,3.52,2,Unemployed,4.77,175185.0,23.0,Santa Ana,Evening,3.28
12.03,70.26,Science,2.26,3,Unemployed,10.65,,18.0,San Francisco,Evening,2.54
29.68,58.44,Science,3.34,2,Employed,16.09,755014.0,25.0,Bakersfield,Morning,3.47
24.52,74.85,Arts,2.09,2,Employed,5.08,798864.0,21.0,San Jose,Evening,2.64
34.51,71.15,Science,3.19,2,Employed,3.2,285983.0,22.0,Anaheim,Morning,3.13
7.91,97.0,Arts,2.05,0,Unemployed,15.25,741879.0,20.0,Anaheim,Evening,2.85
20.69,56.49,Science,3.39,3,Unemployed,5.62,534924.0,23.0,Los Angeles,Afternoon,2.78
33.35,80.79,Engineering,3.58,2,Employed,13.84,125838.0,20.0,Fresno,Evening,3.8
24.42,98.33,Science,2.82,0,Employed,10.86,918000.0,18.0,Oakland,Afternoon,3.36
0.49,54.9,Science,2.71,3,Employed,0.35,742049.0,19.0,San Diego,Evening,1.35
10.14,86.06,Business,2.46,3,Unemployed,7.07,707587.0,20.0,Fresno,Morning,2.57
27.37,93.28,Science,3.71,0,Employed,4.68,357475.0,24.0,Anaheim,Afternoon,3.41
24.46,66.61,Arts,2.93,4,Unemployed,16.65,707060.0,22.0,Sacramento,Afternoon,3.31
35.86,78.47,Engineering,3.51,2,Employed,0.4,578562.0,22.0,Oakland,Afternoon,3.23
37.02,54.48,Business,3.24,1,Employed,11.25,647847.0,22.0,San Diego,Evening,3.39
32.01,66.85,Arts,2.29,4,Unemployed,3.41,,25.0,Los Angeles,Evening,2.74
7.35,62.44,Science,2.34,3,Unemployed,10.69,532748.0,25.0,San Jose,Evening,2.31
14.88,84.27,Science,2.52,1,Employed,15.67,223126.0,25.0,Sacramento,Morning,3.05
38.59,52.78,Science,3.72,2,Unemployed,4.91,107376.0,22.0,Oakland,Evening,3.29
19.35,74.16,Arts,2.65,0,Unemployed,14.37,193154.0,18.0,Oakland,Evening,3.05
13.36,77.69,Arts,3.78,3,Employed,13.53,546990.0,19.0,Fresno,Morning,3.27
38.48,96.56,Science,3.26,3,Unemployed,14.51,184162.0,21.0,San Diego,Morning,4.0
27.98,96.06,Science,3.42,4,Unemployed,8.2,691380.0,18.0,Bakersfield,Afternoon,3.51
27.86,50.33,Science,2.56,1,Employed,0.62,235061.0,20.0,Bakersfield,Morning,2.37
16.49,79.05,Science,2.1,0,Employed,0.0,247493.0,25.0,San Diego,Morning,2.21
3.74,69.99,Engineering,2.91,4,Employed,18.0,633319.0,23.0,Bakersfield,Morning,2.85
39.34,,Arts,3.28,1,Employed,10.62,,20.0,Sacramento,Afternoon,3.66
3.39,82.48,Science,2.67,4,Employed,6.35,349152.0,18.0,San Jose,Afternoon,2.34
26.64,63.72,Engineering,3.91,1,Employed,14.31,372834.0,18.0,Bakersfield,Evening,3.55
2.04,88.06,Business,3.28,1,Unemployed,0.88,172115.0,25.0,Anaheim,Morning,2.32
0.57,96.03,Engineering,3.99,2,Unemployed,12.87,467700.0,24.0,Santa Ana,Evening,3.16
0.4,94.44,Business,3.6,2,Employed,7.49,316024.0,19.0,San Francisco,Evening,2.79
37.7,87.77,Engineering,3.02,3,Unemployed,17.73,103366.0,19.0,San Diego,Morning,4.0
18.49,76.22,Engineering,2.33,1,Employed,5.12,280048.0,18.0,Santa Ana,Morning,2.57
24.08,74.26,Arts,3.3,1,Unemployed,7.24,516594.0,22.0,Oakland,Afternoon,3.1
5.65,87.25,Arts,2.3,1,Employed,7.17,914361.0,25.0,Bakersfield,Morning,2.36
19.51,88.64,Arts,2.81,2,Employed,0.09,436752.0,21.0,Santa Ana,Evening,2.67
20.75,50.61,Science,2.99,4,Employed,8.64,131868.0,20.0,Fresno,Evening,2.72
6.11,51.89,Science,2.99,1,Employed,9.69,674571.0,23.0,Sacramento,Evening,2.33
18.32,73.88,Arts,2.5,4,Unemployed,19.05,511259.0,23.0,Oakland,Afternoon,3.18
35.46,93.32,Arts,2.05,4,Unemployed,18.54,596165.0,25.0,Fresno,Evening,3.68
23.01,60.75,Science,3.11,2,Employed,13.1,309822.0,24.0,San Jose,,3.11
7.44,57.18,Business,2.9,2,Employed,7.12,894660.0,23.0,San Francisco,Morning,2.29
38.21,96.66,Arts,2.13,3,Unemployed,9.43,954727.0,18.0,Fresno,Afternoon,3.43
35.71,,Arts,3.04,1,Employed,13.12,736997.0,23.0,Santa Ana,Evening,3.82
37.08,63.43,Business,2.23,4,Employed,5.93,583331.0,21.0,Bakersfield,Evening,2.92
31.24,92.01,Arts,3.98,2,Employed,0.99,727660.0,21.0,Anaheim,Evening,3.43
22.45,87.85,Arts,3.48,2,Employed,14.64,620217.0,20.0,San Francisco,Morning,3.58
31.03,99.77,Science,2.73,4,Unemployed,16.84,675061.0,24.0,Fresno,Afternoon,3.78
24.78,58.17,Engineering,3.68,1,Employed,10.2,504665.0,22.0,San Diego,Morning,3.19
0.23,94.87,Business,2.2,3,Unemployed,1.22,845858.0,18.0,Sacramento,Afternoon,1.96
4.65,52.85,Engineering,3.76,2,Employed,9.52,497387.0,24.0,San Diego,Afternoon,2.61
4.38,83.65,Engineering,3.32,0,Unemployed,1.61,340733.0,23.0,Santa Ana,Evening,2.39
22.15,83.46,Engineering,2.16,3,Unemployed,0.91,147671.0,25.0,Oakland,Afternoon,2.48
27.83,95.78,Science,2.87,3,Employed,13.84,641889.0,22.0,Anaheim,Morning,3.57
37.57,61.39,Business,3.19,1,Unemployed,11.78,323028.0,18.0,Oakland,Morning,3.48
36.05,58.58,Science,3.25,2,Unemployed,6.25,884475.0,19.0,Sacramento,Evening,3.19
23.91,75.68,Arts,3.47,2,Employed,10.94,978262.0,23.0,San Jose,Morning,3.32
22.85,97.63,Business,3.32,2,Unemployed,13.55,152684.0,23.0,San Francisco,Evening,3.59
2.73,63.94,Science,3.29,1,Unemployed,14.55,962303.0,20.0,Fresno,Evening,2.73
30.85,89.83,Engineering,3.64,1,Employed,10.31,909807.0,22.0,San Jose,Evening,3.67
10.64,66.0,Business,2.04,2,Unemployed,14.47,504382.0,21.0,Oakland,Morning,2.55
36.72,62.76,Engineering,3.92,2,Unemployed,8.41,610487.0,23.0,Sacramento,Morning,3.55
8.85,84.21,Business,2.86,2,Employed,9.39,336732.0,18.0,San Diego,Evening,2.74
27.85,88.57,Engineering,2.57,3,Unemployed,11.3,299523.0,18.0,Oakland,,3.29
4.49,50.65,Business,2.98,4,Unemployed,14.33,342949.0,24.0,Santa Ana,Evening,2.51
19.76,79.18,Arts,3.88,4,Employed,4.25,652792.0,22.0,Oakland,Afternoon,3.09
5.96,76.55,Arts,3.84,1,Unemployed,3.16,412873.0,19.0,Sacramento,Morning,2.64
33.71,69.45,Science,3.64,1,Unemployed,15.97,835568.0,24.0,Anaheim,Afternoon,3.79
24.56,89.27,Engineering,2.45,4,Unemployed,5.98,,21.0,Sacramento,Afternoon,2.94
39.09,67.8,Arts,2.57,2,Unemployed,8.67,,25.0,Fresno,Morning,3.26
5.64,77.2,Science,3.66,2,Employed,4.42,873607.0,20.0,Oakland,,2.63
34.24,71.39,Business,3.3,3,Unemployed,1.35,375494.0,24.0,San Jose,Morning,3.08
29.37,72.4,Science,2.49,0,Employed,15.91,468109.0,18.0,Sacramento,Morning,3.33
15.49,74.28,Engineering,3.74,3,Employed,6.63,921061.0,23.0,San Jose,Afternoon,2.97
0.72,57.81,Science,3.81,3,Unemployed,14.89,797565.0,19.0,Anaheim,Evening,2.79
29.44,90.17,Arts,3.27,2,Unemployed,14.47,580978.0,19.0,Los Angeles,Morning,3.71
3.93,64.53,Arts,3.97,3,Unemployed,9.83,466811.0,18.0,Sacramento,Morning,2.78
32.36,75.81,Arts,3.1,1,Unemployed,9.53,143644.0,22.0,San Francisco,Evening,3.37
31.94,63.65,Engineering,3.72,0,Employed,15.2,539140.0,18.0,San Jose,Morning,3.66
8.63,92.96,Engineering,2.61,3,Employed,8.3,698334.0,25.0,Santa Ana,Morning,2.72
38.64,91.58,Arts,3.9,1,Unemployed,13.89,871203.0,22.0,Anaheim,Morning,4.0
31.72,97.53,Science,2.72,1,Unemployed,10.8,279932.0,21.0,Los Angeles,,3.51
24.18,68.21,Science,2.2,1,Employed,16.77,617391.0,22.0,Anaheim,Evening,3.08
29.4,94.35,Engineering,2.31,3,Unemployed,18.24,146204.0,22.0,Sacramento,Afternoon,3.61
18.73,92.94,Business,3.27,0,Employed,15.05,693923.0,24.0,Anaheim,Evening,3.48
3.71,78.69,Business,3.51,2,Employed,4.09,826477.0,25.0,Los Angeles,Morning,2.53
25.48,57.38,Engineering,2.11,1,Employed,17.64,377399.0,24.0,Santa Ana,,3.01
16.65,85.21,Science,2.94,0,Employed,13.83,465174.0,20.0,San Diego,Evening,3.17
39.15,97.24,Business,3.57,0,Employed,16.71,919621.0,20.0,Sacramento,Morning,4.0
2.53,90.97,Engineering,3.05,4,Unemployed,9.31,,21.0,San Diego,Evening,2.72
6.42,53.83,Engineering,2.84,2,Unemployed,13.96,957697.0,21.0,Sacramento,,2.55
36.01,51.13,Science,2.35,0,Employed,18.01,707267.0,24.0,San Diego,Evening,3.33
19.48,73.03,Engineering,2.23,2,Employed,11.92,252384.0,22.0,San Diego,Morning,2.82
7.73,95.65,Arts,2.67,0,Unemployed,13.4,928974.0,23.0,Los Angeles,Morning,2.94
12.51,86.12,Business,2.57,0,Employed,4.11,966162.0,23.0,San Francisco,Afternoon,2.55
3.05,99.97,Engineering,2.74,3,Employed,4.73,843809.0,19.0,Los Angeles,,2.51
25.36,81.36,Engineering,2.15,2,Unemployed,2.87,656413.0,21.0,San Jose,Afternoon,2.66
36.8,94.11,Science,2.45,3,Employed,12.21,381576.0,21.0,Sacramento,Afternoon,3.59
22.81,90.6,Arts,3.03,2,Employed,0.44,,22.0,San Diego,Morning,2.86
25.68,76.93,Science,3.98,1,Unemployed,17.12,791772.0,19.0,Oakland,Evening,3.86
11.71,54.52,Engineering,2.83,3,Unemployed,12.25,191552.0,23.0,San Jose,,2.63
28.34,56.54,Arts,2.83,4,Unemployed,7.74,848071.0,21.0,San Francisco,Evening,2.88
36.61,90.77,Science,2.57,0,Employed,7.4,708973.0,22.0,San Diego,Afternoon,3.38
1.85,68.47,Engineering,3.12,4,Unemployed,8.66,573219.0,23.0,San Diego,Evening,2.4
8.69,80.13,Engineering,3.72,2,Employed,11.68,763824.0,20.0,Sacramento,Morning,3.06
37.47,64.59,Science,3.34,1,Unemployed,8.46,192341.0,19.0,Fresno,Afternoon,3.42
32.2,94.58,Arts,4.0,4,Employed,13.62,743163.0,21.0,Fresno,Afternoon,4.0
2.81,95.8,Arts,3.89,1,Employed,3.95,491086.0,20.0,San Francisco,Evening,2.81
9.32,97.79,Engineering,3.69,4,Unemployed,7.32,532643.0,22.0,Sacramento,Evening,3.07
14.61,96.43,Arts,2.08,3,Unemployed,7.27,416180.0,23.0,Fresno,Morning,2.7
12.77,78.2,Engineering,3.51,0,Employed,18.76,730744.0,18.0,Anaheim,Afternoon,3.4
2.05,80.09,Arts,3.23,4,Employed,18.47,944830.0,24.0,San Francisco,Morning,3.02
6.83,,Engineering,3.49,2,Employed,8.13,542081.0,20.0,Bakersfield,Morning,2.98
11.29,68.63,Engineering,3.95,3,Employed,2.76,465679.0,19.0,Sacramento,Morning,2.72
6.13,81.54,Business,2.44,4,Employed,7.29,867153.0,21.0,San Diego,,2.37
33.1,71.99,Business,2.72,3,Unemployed,5.8,266675.0,20.0,Anaheim,Afternoon,3.05
20.82,67.24,Engineering,3.11,1,Unemployed,16.6,201101.0,18.0,San Francisco,Morning,3.27
8.86,96.47,Engineering,2.67,1,Employed,19.43,877094.0,23.0,Santa Ana,Evening,3.24
33.91,78.48,Business,3.73,4,Employed,16.29,976003.0,23.0,Anaheim,Morning,3.98
30.43,73.26,Engineering,3.09,1,Unemployed,0.02,308941.0,20.0,Los Angeles,Evening,2.88
15.45,52.71,Science,2.01,2,Unemployed,17.74,,21.0,San Francisco,Morning,2.68
33.65,57.77,Business,3.82,3,Employed,12.57,621794.0,24.0,Bakersfield,,3.57
25.5,77.04,Business,3.04,4,Unemployed,9.45,986910.0,18.0,Fresno,Afternoon,3.17
24.94,,Arts,3.37,4,Employed,18.4,143134.0,18.0,San Diego,Afternoon,3.94
4.16,72.97,Science,3.02,4,Employed,12.51,896359.0,21.0,Bakersfield,Evening,2.69
16.33,81.26,Arts,3.23,3,Unemployed,10.82,706706.0,18.0,Bakersfield,Evening,3.09
2.86,92.58,Engineering,3.96,3,Unemployed,16.12,555713.0,24.0,Sacramento,Evening,3.32
16.04,95.92,Arts,2.88,3,Unemployed,17.26,511408.0,20.0,Oakland,Evening,3.41
2.38,68.31,Science,3.4,2,Unemployed,17.81,418572.0,22.0,Anaheim,Evening,2.93
7.72,58.18,Engineering,3.72,1,Unemployed,9.1,969160.0,18.0,San Francisco,Afternoon,2.71
18.26,98.57,Science,2.21,2,Employed,5.79,451388.0,23.0,San Jose,Morning,2.79
24.72,76.37,Science,3.16,0,Unemployed,13.93,927612.0,18.0,Los Angeles,Afternoon,3.38
7.24,94.29,Arts,2.92,2,Employed,3.91,199302.0,21.0,San Diego,Afternoon,2.61
3.3,64.93,Science,3.98,1,Employed,9.89,267845.0,21.0,San Diego,Morning,2.77
34.95,54.43,Business,3.87,3,Employed,8.83,765588.0,25.0,Anaheim,Morning,3.43
3.34,93.92,Science,2.37,1,Employed,8.94,895928.0,25.0,Anaheim,Afternoon,2.52
22.75,70.83,Engineering,2.2,2,Unemployed,7.96,875547.0,23.0,San Jose,Afternoon,2.71
31.65,72.03,Business,2.91,3,Employed,11.55,,25.0,Anaheim,Morning,3.34
6.7,99.18,Science,2.04,3,Unemployed,19.91,841390.0,20.0,Sacramento,Afternoon,3.02
25.85,70.44,Engineering,2.99,0,Unemployed,0.0,769085.0,18.0,Bakersfield,Morning,2.7
29.22,78.68,Science,3.48,0,Employed,6.48,500713.0,23.0,Oakland,Afternoon,3.31
28.29,86.86,Arts,3.77,4,Employed,8.5,221363.0,18.0,Anaheim,Evening,3.54
2.07,61.26,Business,3.93,3,Employed,8.54,351485.0,19.0,Santa Ana,Afternoon,2.63
25.66,63.48,Business,3.83,2,Employed,14.55,261824.0,18.0,Oakland,Morning,3.5
6.28,86.94,Arts,3.83,4,Employed,0.91,600810.0,18.0,Fresno,Morning,2.66
12.08,90.36,Business,2.67,4,Unemployed,3.52,109076.0,22.0,Fresno,Morning,2.6
37.15,60.03,Engineering,2.77,1,Unemployed,11.26,526949.0,25.0,San Diego,Morning,3.3
2.09,65.44,Arts,3.63,4,Unemployed,4.98,,24.0,Los Angeles,Evening,2.38
34.47,50.44,Science,2.93,1,Employed,19.61,718703.0,18.0,Sacramento,Morning,3.52
22.05,69.24,Science,2.3,0,Unemployed,6.73,660754.0,18.0,San Diego,Evening,2.65
1.25,95.06,Arts,2.91,3,Unemployed,19.23,458202.0,19.0,Oakland,Afternoon,3.1
30.16,70.07,Arts,2.74,0,Employed,18.19,,21.0,San Francisco,Evening,3.5
34.3,87.95,Science,2.17,1,Unemployed,14.42,805355.0,25.0,Oakland,Morning,3.46
18.3,52.87,Arts,2.7,3,Unemployed,12.99,856673.0,23.0,Los Angeles,Morning,2.76
31.67,79.39,Science,3.92,3,Employed,18.62,327335.0,20.0,Sacramento,Afternoon,4.0
36.42,,Arts,3.85,3,Unemployed,16.64,641194.0,19.0,San Jose,Afternoon,4.0
22.73,99.22,Science,3.94,4,Employed,13.64,822893.0,18.0,San Jose,Evening,3.85
36.67,78.92,Business,3.14,0,Unemployed,9.68,135892.0,18.0,Anaheim,Evening,3.53
16.68,50.72,Business,2.21,0,Unemployed,11.1,413113.0,23.0,Los Angeles,Morning,2.43
32.47,91.99,Engineering,2.45,0,Employed,7.12,780335.0,24.0,Anaheim,Evening,3.24
31.23,86.74,Arts,2.37,4,Employed,4.28,953519.0,24.0,Bakersfield,Afternoon,2.99
28.76,51.23,Science,2.38,4,Unemployed,5.54,,25.0,San Jose,Morning,2.62
16.46,87.83,Engineering,3.78,4,Employed,0.09,110041.0,19.0,Santa Ana,Morning,2.88
18.73,85.97,Engineering,2.41,3,Employed,14.83,988654.0,19.0,Bakersfield,Evening,3.12
8.38,54.83,Arts,2.76,0,Employed,4.27,303438.0,22.0,Oakland,Morning,2.09
11.12,76.82,Science,2.19,3,Unemployed,2.18,140854.0,20.0,San Jose,Afternoon,2.17
27.29,77.44,Business,2.07,3,Employed,7.11,545830.0,19.0,Sacramento,Afternoon,2.81
13.02,94.74,Science,3.9,1,Employed,7.21,312177.0,21.0,San Jose,Afternoon,3.21
28.97,72.16,Science,3.52,1,Employed,14.8,645947.0,22.0,Bakersfield,Afternoon,3.6
24.98,77.96,Business,2.87,0,Employed,4.37,632026.0,18.0,Oakland,Evening,2.89
14.26,77.55,Business,2.34,3,Unemployed,6.39,994783.0,20.0,Fresno,Evening,2.52
6.7,75.97,Engineering,3.96,1,Unemployed,11.23,453447.0,20.0,Santa Ana,Evening,3.02
12.79,92.66,Science,2.87,2,Employed,9.17,,21.0,San Francisco,Evening,2.93
14.61,97.33,Science,3.09,4,Employed,12.36,863245.0,23.0,San Jose,,3.24
25.83,95.75,Science,2.15,2,Unemployed,14.04,775889.0,19.0,Los Angeles,Morning,3.29
2.47,59.82,Business,2.56,0,Unemployed,12.7,372400.0,24.0,Oakland,Morning,2.3
34.64,93.4,Engineering,2.52,2,Unemployed,13.79,247854.0,24.0,San Francisco,Morning,3.62
25.01,65.89,Arts,2.28,3,Employed,0.78,664563.0,22.0,Fresno,Evening,2.39
2.13,50.64,Arts,3.79,0,Unemployed,12.64,470278.0,20.0,Los Angeles,Morning,2.65
10.06,76.66,Engineering,2.39,1,Unemployed,14.53,353847.0,21.0,Fresno,Morning,2.77
6.02,54.71,Engineering,2.06,1,Unemployed,5.69,953155.0,18.0,Los Angeles,Morning,1.65
23.27,74.97,Arts,3.97,0,Unemployed,11.08,551485.0,19.0,Bakersfield,Morning,3.46
22.76,86.99,Science,3.88,4,Employed,0.12,467149.0,24.0,San Jose,,3.07
14.57,92.29,Science,3.45,2,Unemployed,0.76,366265.0,19.0,Los Angeles,Morning,2.81
30.39,66.14,Arts,3.68,1,Employed,12.68,190545.0,18.0,Anaheim,Morning,3.53
2.47,91.94,Science,2.31,1,Employed,13.44,526541.0,19.0,San Diego,Afternoon,2.66
33.09,52.86,Engineering,2.16,4,Unemployed,13.87,,22.0,Anaheim,Morning,3.02
35.54,80.78,Science,3.73,2,Employed,9.75,472126.0,21.0,San Jose,Evening,3.74
7.44,67.48,Arts,2.72,2,Employed,11.96,697756.0,25.0,Anaheim,Evening,2.61
37.62,77.44,Science,2.65,0,Employed,2.88,610344.0,21.0,San Francisco,Afternoon,3.1
29.29,59.6,Engineering,3.38,0,Employed,6.54,760740.0,20.0,San Jose,Afternoon,3.07
35.74,61.56,Arts,3.51,1,Unemployed,10.05,365415.0,23.0,Sacramento,Morning,3.46
31.66,91.82,Science,3.23,1,Employed,2.53,306987.0,20.0,Bakersfield,,3.26
2.72,89.88,Business,2.19,3,Employed,6.84,998527.0,22.0,Bakersfield,Evening,2.29
9.88,92.72,Science,2.73,0,Unemployed,2.41,,25.0,Santa Ana,Afternoon,2.52
34.04,73.92,Arts,2.03,0,Unemployed,17.69,864862.0,22.0,Los Angeles,Evening,3.4
1.92,83.11,Science,2.19,3,Unemployed,16.64,302790.0,20.0,San Jose,Evening,2.65
28.37,72.91,Science,3.46,4,Employed,4.02,301884.0,22.0,San Diego,,3.11
27.25,62.46,Arts,2.55,4,Unemployed,17.87,665499.0,18.0,Santa Ana,Morning,3.27
17.76,50.31,Science,2.32,3,Unemployed,10.81,234767.0,23.0,Sacramento,,2.49
22.99,95.99,Engineering,3.96,2,Unemployed,2.01,722961.0,23.0,San Francisco,Morning,3.29
10.42,84.86,Engineering,3.64,0,Unemployed,16.0,110648.0,24.0,Santa Ana,Afternoon,3.33
23.63,89.09,Engineering,3.36,2,Unemployed,12.21,242521.0,18.0,Oakland,,3.47
27.52,53.71,Business,2.65,2,Employed,11.15,548496.0,23.0,Santa Ana,Afternoon,2.92
15.42,94.15,Science,2.34,4,Unemployed,16.8,507614.0,24.0,San Diego,Afternoon,3.17
5.92,57.34,Business,3.63,1,Unemployed,1.3,784161.0,21.0,Bakersfield,Afternoon,2.26
37.8,92.15,Business,3.85,2,Employed,15.96,485232.0,25.0,Bakersfield,Evening,4.0
39.58,88.24,Science,3.73,1,Unemployed,2.82,871404.0,18.0,San Jose,Afternoon,3.61
2.8,86.94,Engineering,2.51,4,Employed,3.62,,19.0,Anaheim,Morning,2.22
2.23,,Arts,2.18,0,Unemployed,10.75,,21.0,Bakersfield,Afternoon,2.36
14.51,60.13,Engineering,3.01,3,Unemployed,17.55,194139.0,20.0,Bakersfield,Afternoon,3.03
37.58,82.89,Business,3.55,1,Unemployed,5.61,526444.0,19.0,San Diego,Morning,3.55
15.2,55.43,Engineering,3.96,0,Unemployed,15.74,410628.0,22.0,Oakland,Morning,3.24
9.15,92.98,Arts,3.83,1,Unemployed,8.31,523957.0,24.0,Sacramento,Afternoon,3.12
39.05,60.02,Science,2.06,4,Unemployed,7.96,748843.0,19.0,San Francisco,,2.96
9.34,71.98,Business,2.04,0,Employed,2.01,912676.0,25.0,San Jose,Evening,1.91
27.39,95.3,Engineering,3.26,0,Employed,16.89,453188.0,23.0,San Francisco,Afternoon,3.86
4.47,89.77,Business,2.26,0,Employed,10.97,224899.0,19.0,Los Angeles,Afternoon,2.56
25.29,51.91,Engineering,3.21,3,Unemployed,7.27,524903.0,23.0,Los Angeles,Evening,2.86
5.8,74.43,Business,2.02,2,Unemployed,3.42,,20.0,Santa Ana,Morning,1.88
11.15,76.26,Engineering,3.48,0,Employed,10.26,327476.0,25.0,San Jose,Morning,2.95
17.46,91.76,Engineering,2.77,0,Employed,3.62,607713.0,22.0,Sacramento,Afternoon,2.78
30.6,79.85,Arts,3.52,1,Unemployed,4.06,618122.0,18.0,Sacramento,Evening,3.26
22.21,53.3,Business,3.39,4,Employed,10.66,865727.0,18.0,San Jose,Afternoon,2.99
7.2,70.99,Engineering,2.96,3,Unemployed,17.25,806468.0,19.0,Anaheim,Evening,2.92
30.2,83.01,Engineering,3.02,2,Employed,16.45,361933.0,19.0,San Jose,Evening,3.65
25.51,99.4,Business,2.18,0,Employed,12.48,723988.0,20.0,Bakersfield,Afternoon,3.27
0.77,69.2,Arts,3.3,3,Employed,6.54,926378.0,23.0,San Francisco,Morning,2.34
2.62,99.23,Business,3.28,0,Unemployed,5.07,359167.0,21.0,Sacramento,Morning,2.7
3.68,77.44,Arts,3.63,3,Unemployed,11.42,286710.0,20.0,Los Angeles,Afternoon,2.87
9.98,73.19,Arts,2.1,0,Unemployed,12.45,876230.0,19.0,Sacramento,Afternoon,2.55
11.07,70.77,Business,2.38,2,Unemployed,18.67,251392.0,20.0,Anaheim,Evening,2.89
27.1,78.97,Arts,3.33,1,Employed,18.67,737105.0,24.0,Oakland,Afternoon,3.75
26.01,71.43,Science,3.1,3,Employed,6.51,895844.0,23.0,Sacramento,Evening,3.01
34.88,69.17,Science,2.83,0,Employed,3.22,991877.0,24.0,Bakersfield,Afternoon,3.01
32.61,98.91,Science,2.05,1,Unemployed,19.41,282184.0,21.0,Oakland,Afternoon,3.71
31.54,74.73,Engineering,3.67,2,Unemployed,16.87,253647.0,19.0,Oakland,Afternoon,3.88
23.56,89.01,Arts,2.58,1,Employed,0.8,267389.0,25.0,Los Angeles,Afternoon,2.74
4.27,75.31,Engineering,2.73,2,Unemployed,14.46,426710.0,22.0,San Francisco,,2.71
27.51,61.6,Arts,2.91,1,Unemployed,3.51,181649.0,19.0,Santa Ana,Evening,2.77
12.09,97.42,Science,3.09,1,Unemployed,8.45,437074.0,21.0,Los Angeles,Morning,3.0
31.34,94.07,Science,2.48,3,Unemployed,11.55,,25.0,Fresno,Evening,3.43
14.67,57.1,Business,3.0,2,Employed,7.39,832888.0,24.0,Santa Ana,Morning,2.57
5.38,94.25,Arts,3.85,1,Unemployed,10.22,961889.0,20.0,San Diego,,3.12
24.21,59.85,Arts,2.4,0,Unemployed,3.16,932816.0,21.0,Los Angeles,Evening,2.46
35.31,78.43,Arts,3.1,4,Unemployed,9.27,840745.0,19.0,Santa Ana,Morning,3.47
7.03,96.55,Engineering,3.95,1,Employed,10.97,936527.0,21.0,Sacramento,Evening,3.25
11.78,78.22,Science,2.96,4,Unemployed,1.55,657960.0,18.0,San Francisco,Afternoon,2.43
10.58,60.58,Arts,3.81,2,Unemployed,13.33,501557.0,19.0,Fresno,Afternoon,3.01
31.29,63.25,Arts,2.08,2,Employed,5.04,865819.0,24.0,Los Angeles,Afternoon,2.69
6.09,83.93,Engineering,3.05,0,Unemployed,7.69,359358.0,25.0,Oakland,Evening,2.66
17.62,87.35,Engineering,2.01,3,Unemployed,0.54,,18.0,Santa Ana,Morning,2.31
15.06,79.59,Science,2.54,3,Unemployed,15.12,313885.0,20.0,Anaheim,Afternoon,3.0
30.77,64.07,Business,3.83,3,Unemployed,10.74,955368.0,21.0,San Jose,Evening,3.48
17.58,59.34,Science,2.83,3,Unemployed,6.04,473372.0,19.0,Anaheim,Morning,2.56
9.96,82.73,Engineering,2.93,3,Unemployed,0.29,511751.0,23.0,Anaheim,Evening,2.35
3.22,61.47,Engineering,2.81,3,Unemployed,5.47,786629.0,21.0,San Francisco,Afternoon,2.1
19.43,58.14,Arts,3.48,3,Unemployed,16.48,447386.0,21.0,Fresno,Evening,3.25
9.96,56.56,Engineering,2.8,2,Unemployed,13.31,140126.0,19.0,San Diego,Evening,2.63
27.42,86.94,Business,3.02,0,Employed,9.63,,18.0,San Jose,Morning,3.34
9.6,85.6,Arts,2.13,2,Unemployed,3.54,704100.0,24.0,Anaheim,Morning,2.27
21.48,96.37,Business,3.43,1,Employed,2.75,611429.0,19.0,San Jose,Afternoon,3.11
25.46,63.09,Engineering,3.07,1,Employed,5.42,385908.0,21.0,Santa Ana,Morning,2.86
36.03,79.47,Engineering,3.95,3,Unemployed,14.78,546726.0,19.0,San Francisco,Evening,4.0
36.22,95.98,Engineering,3.74,3,Employed,10.93,408182.0,20.0,Bakersfield,Afternoon,4.0
26.74,61.18,Engineering,2.69,2,Employed,0.47,518444.0,22.0,Los Angeles,Evening,2.54
8.54,72.7,Science,2.74,3,Employed,9.6,674303.0,19.0,Los Angeles,Afternoon,2.59
2.41,98.29,Science,3.32,3,Employed,2.0,819923.0,19.0,San Jose,Afternoon,2.56
30.09,97.74,Business,2.92,3,Unemployed,7.87,548600.0,24.0,Anaheim,Morning,3.41
14.4,75.58,Science,3.11,2,Unemployed,2.53,382973.0,24.0,San Diego,Afternoon,2.6
4.83,72.43,Engineering,3.94,1,Unemployed,4.33,834396.0,22.0,San Jose,Morning,2.64
33.41,97.24,Science,2.18,1,Unemployed,18.57,490617.0,21.0,Oakland,,3.73
21.48,79.97,Engineering,3.19,1,Unemployed,14.57,218012.0,21.0,Oakland,Evening,3.36
37.96,62.35,Science,3.36,4,Employed,15.99,,25.0,Oakland,Morning,3.76
23.15,75.87,Science,2.44,4,Unemployed,12.52,206371.0,21.0,San Diego,Afternoon,3.03
38.05,78.63,Science,3.17,0,Unemployed,2.24,,22.0,San Jose,Afternoon,3.26
21.94,77.61,Arts,3.55,1,Unemployed,16.27,737815.0,23.0,Oakland,Evening,3.54
6.88,70.28,Business,2.57,4,Unemployed,9.73,801058.0,23.0,Fresno,Afternoon,2.44
38.56,57.32,Engineering,3.95,1,Employed,2.82,,23.0,San Jose,Afternoon,3.32
3.59,93.4,Engineering,2.26,3,Employed,12.75,130376.0,18.0,Los Angeles,Evening,2.66
7.31,55.62,Science,2.95,3,Unemployed,3.0,,21.0,Sacramento,Evening,2.07
39.84,56.97,Business,3.46,2,Unemployed,16.65,738087.0,19.0,Los Angeles,Morning,3.8
31.14,57.46,Arts,2.88,0,Employed,4.9,934214.0,19.0,Bakersfield,Afternoon,2.87
33.63,51.97,Engineering,3.03,4,Employed,13.27,,24.0,San Jose,Morning,3.29
18.86,92.89,Engineering,2.95,0,Unemployed,15.89,536422.0,18.0,Sacramento,Evening,3.42
15.15,94.59,Science,2.11,3,Unemployed,12.93,598015.0,19.0,Los Angeles,Morning,2.93
10.86,56.13,Science,2.64,0,Employed,10.15,951872.0,,Bakersfield,,2.43
2.15,73.08,Business,2.17,2,Employed,4.27,399693.0,20.0,Santa Ana,Evening,1.83
1.89,69.66,Arts,3.52,3,Employed,18.74,887469.0,24.0,Santa Ana,Evening,3.01
13.12,56.31,Arts,2.96,3,Unemployed,1.8,336010.0,25.0,Fresno,Afternoon,2.24
8.96,93.22,Business,2.81,2,Employed,9.49,317311.0,24.0,Oakland,Evening,2.84
26.67,93.2,Business,3.52,4,Unemployed,13.71,,25.0,Sacramento,Evening,3.73
6.78,87.04,Engineering,3.31,1,Unemployed,2.57,319837.0,18.0,Los Angeles,Afternoon,2.58
36.36,58.33,Science,2.83,1,Unemployed,6.56,509497.0,25.0,Los Angeles,Evening,3.07
38.71,63.18,Arts,2.27,0,Employed,17.06,706444.0,24.0,Bakersfield,Evening,3.45
19.0,59.62,Science,2.97,2,Employed,6.74,342101.0,19.0,Los Angeles,Evening,2.68
2.04,91.62,Business,2.38,3,Employed,5.1,105933.0,24.0,Bakersfield,Afternoon,2.28
6.83,73.38,Arts,2.84,1,Employed,15.44,445923.0,22.0,Bakersfield,Morning,2.83
10.69,57.52,Science,3.76,0,Unemployed,4.34,777677.0,22.0,Sacramento,Afternoon,2.59
35.04,50.5,Business,2.55,2,Employed,9.38,759185.0,23.0,Sacramento,Morning,2.97
35.53,63.93,Science,2.87,4,Employed,18.04,945029.0,25.0,Anaheim,Afternoon,3.62
38.65,98.71,Engineering,2.06,0,Unemployed,19.49,175249.0,24.0,San Francisco,Morning,3.92
10.51,51.58,Science,3.79,1,Employed,15.24,381196.0,19.0,Fresno,Afternoon,2.98
7.03,95.57,Business,2.16,3,Employed,0.05,,22.0,San Jose,Evening,2.15
20.99,52.9,Arts,3.27,3,Unemployed,2.99,586183.0,21.0,Oakland,Morning,2.61
13.77,83.59,Arts,3.94,0,Employed,12.44,194298.0,18.0,Santa Ana,Evening,3.35
15.93,67.48,Arts,3.83,4,Unemployed,11.35,790596.0,23.0,Fresno,Afternoon,3.14
18.1,72.77,Business,2.06,1,Employed,10.53,431085.0,25.0,Fresno,Evening,2.67
2.44,61.06,Business,2.54,2,Employed,12.11,462641.0,24.0,Fresno,Morning,2.3
12.98,66.93,Science,2.22,0,Employed,1.54,637630.0,22.0,San Diego,Morning,2.02
29.73,65.41,Engineering,2.81,4,Employed,7.5,601220.0,18.0,San Diego,Morning,3.0
19.15,85.45,Business,2.91,0,Unemployed,18.04,109191.0,18.0,Sacramento,Evening,3.42
30.62,93.56,Engineering,2.33,3,Employed,8.89,353730.0,18.0,San Diego,Evening,3.24
26.89,,Engineering,3.55,2,Employed,11.14,,19.0,Bakersfield,Morning,3.38
37.65,,Arts,2.7,3,Unemployed,12.62,961316.0,18.0,Bakersfield,,3.67
27.61,,Engineering,2.8,4,Unemployed,5.42,595830.0,21.0,Los Angeles,Afternoon,2.71
22.38,89.38,Science,2.59,2,Unemployed,11.44,789233.0,20.0,San Jose,Afternoon,3.16
6.29,76.3,Science,2.57,2,Employed,11.0,974935.0,23.0,Bakersfield,Evening,2.57
36.84,91.69,Engineering,2.84,4,Employed,19.11,100186.0,18.0,San Diego,Afternoon,4.0
39.87,61.2,Business,2.82,0,Employed,18.85,874243.0,25.0,Santa Ana,Evening,3.74
33.7,68.84,Arts,3.03,3,Employed,14.19,228716.0,25.0,Oakland,Morning,3.51
3.74,84.89,Engineering,3.42,0,Employed,5.04,,25.0,Oakland,Morning,2.62
4.46,92.42,Business,2.22,2,Employed,6.23,,22.0,San Jose,Afternoon,2.33
14.6,73.92,Science,2.19,4,Unemployed,8.48,114701.0,18.0,San Francisco,Evening,2.54
27.84,92.32,Business,2.31,3,Employed,6.58,301750.0,24.0,San Francisco,Afternoon,3.03
33.08,77.42,Business,2.19,4,Unemployed,1.23,,22.0,San Francisco,Afternoon,2.76
7.23,99.57,Science,2.33,4,Employed,9.43,755191.0,22.0,Sacramento,,2.7
25.01,95.24,Science,2.06,4,Unemployed,10.2,206991.0,21.0,San Diego,Evening,3.06
6.38,69.28,Engineering,3.65,1,Unemployed,0.19,307577.0,24.0,San Jose,Evening,2.33
4.48,97.77,Engineering,3.6,1,Unemployed,12.67,134723.0,21.0,Bakersfield,Afternoon,3.15
18.84,,Science,2.05,4,Unemployed,2.32,904946.0,22.0,Anaheim,Afternoon,2.47
34.44,76.28,Engineering,2.65,1,Employed,2.29,474400.0,20.0,San Jose,Evening,2.96
25.11,99.55,Engineering,3.25,0,Unemployed,2.9,442236.0,25.0,San Jose,Evening,3.19
27.26,84.75,Engineering,2.31,3,Unemployed,3.66,477155.0,,San Diego,Afternoon,2.82
15.73,59.73,Arts,2.34,3,Unemployed,7.6,612437.0,23.0,Bakersfield,Morning,2.38
10.68,55.7,Arts,2.13,2,Unemployed,3.51,178121.0,23.0,Anaheim,Morning,1.81
37.28,63.11,Engineering,2.31,3,Unemployed,4.63,267163.0,18.0,San Diego,Afternoon,2.89
16.46,86.78,Science,3.29,1,Employed,3.45,910110.0,21.0,Los Angeles,Evening,2.86
20.54,,Business,3.26,3,Employed,1.76,433615.0,18.0,Los Angeles,Morning,2.79
2.89,69.86,Engineering,2.53,1,Employed,6.03,624548.0,19.0,Oakland,Afternoon,2.14
2.77,87.92,Arts,2.52,1,Unemployed,2.85,229170.0,24.0,San Diego,,2.2
30.32,51.19,Arts,2.83,0,Unemployed,11.97,120614.0,25.0,Sacramento,Evening,3.05
37.28,90.68,Engineering,2.96,4,Employed,7.82,876909.0,23.0,San Diego,Morning,3.53
25.47,87.41,Arts,3.84,3,Employed,1.89,580722.0,22.0,Fresno,Afternoon,3.22
36.0,59.01,Engineering,3.35,3,Employed,5.94,434507.0,25.0,Santa Ana,Afternoon,3.22
30.96,69.45,Business,2.64,1,Unemployed,0.97,328616.0,23.0,Santa Ana,,2.75
5.15,51.88,Arts,3.53,2,Employed,15.21,139257.0,24.0,Los Angeles,Morning,2.76
2.67,50.59,Arts,2.89,1,Unemployed,13.26,512689.0,24.0,Bakersfield,Afternoon,2.35
37.68,99.81,Engineering,3.18,3,Employed,5.22,243411.0,19.0,Anaheim,Afternoon,3.61
6.46,74.41,Business,3.31,4,Employed,11.62,583024.0,22.0,Oakland,Evening,2.82
25.17,68.6,Science,2.65,1,Employed,14.26,840180.0,24.0,Fresno,Afternoon,3.15
9.43,59.81,Arts,3.0,0,Employed,5.38,,22.0,Fresno,Evening,2.32
20.62,90.36,Engineering,2.2,2,Employed,18.42,161389.0,19.0,San Jose,Morning,3.3
19.5,85.29,Arts,3.69,2,Unemployed,18.9,450464.0,20.0,Oakland,Afternoon,3.73
28.75,50.08,Science,3.9,2,Employed,12.97,,21.0,Oakland,Afternoon,3.41
32.82,88.56,Arts,3.8,2,Unemployed,5.32,810053.0,19.0,Oakland,Morning,3.56
39.95,55.57,Arts,2.09,1,Employed,14.78,798782.0,18.0,San Jose,Evening,3.25
8.34,97.43,Arts,3.71,2,Unemployed,18.07,159220.0,23.0,Anaheim,Evening,3.52
17.47,66.64,Business,3.68,4,Unemployed,13.97,709385.0,21.0,Los Angeles,Afternoon,3.25
15.04,72.56,Engineering,2.26,2,Unemployed,12.53,,,San Diego,Morning,2.73
1.35,50.25,Arts,3.44,4,Employed,11.39,977639.0,19.0,Anaheim,Afternoon,2.42
9.47,91.22,Arts,2.11,4,Unemployed,5.37,378204.0,19.0,Bakersfield,,2.38
21.86,65.41,Science,3.62,1,Unemployed,5.41,,25.0,San Francisco,Afternoon,2.95
35.08,77.82,Engineering,3.6,1,Employed,9.4,761710.0,19.0,Oakland,Afternoon,3.62
12.55,96.33,Arts,3.94,2,Unemployed,18.33,383526.0,22.0,Bakersfield,Evening,3.7
28.06,57.81,Science,2.87,3,Employed,1.54,911816.0,19.0,Sacramento,Morning,2.65
37.6,93.37,Business,2.99,1,Employed,8.07,926758.0,20.0,Anaheim,Morning,3.6
7.17,75.01,Business,2.86,3,Unemployed,0.18,867813.0,20.0,San Francisco,Morning,2.18
4.34,96.22,Engineering,3.02,1,Unemployed,10.1,768550.0,20.0,San Diego,Evening,2.84
39.46,91.12,Science,3.63,3,Employed,12.09,846199.0,23.0,Anaheim,Afternoon,4.0
2.0,72.15,Business,3.74,4,Unemployed,14.35,916406.0,24.0,Fresno,Evening,2.92
11.24,54.44,Arts,2.03,0,Employed,19.06,,,Los Angeles,Evening,2.64
34.77,51.51,Engineering,3.34,1,Unemployed,11.05,568700.0,20.0,Fresno,Morning,3.32
11.02,93.71,Arts,3.25,0,Employed,16.48,,22.0,Los Angeles,Afternoon,3.34
7.02,73.71,Science,3.22,1,Employed,12.26,250440.0,23.0,Bakersfield,Evening,2.83
31.27,83.18,Science,3.5,3,Employed,16.82,219687.0,23.0,Los Angeles,Afternoon,3.9
29.03,94.08,Science,3.47,0,Unemployed,17.62,745778.0,21.0,San Jose,Afternoon,3.99
4.31,65.23,Engineering,2.21,4,Employed,3.63,636318.0,22.0,San Francisco,Evening,1.78
20.07,94.79,Engineering,3.42,0,Employed,19.91,896431.0,21.0,Fresno,Evening,3.81
35.74,51.38,Business,3.66,0,Unemployed,17.02,213803.0,25.0,San Francisco,Evening,3.68
16.96,64.0,Science,2.02,0,Unemployed,2.82,789618.0,24.0,Los Angeles,Afternoon,2.16
8.89,90.59,Business,2.64,2,Employed,17.49,576356.0,18.0,Los Angeles,Afternoon,3.09
27.78,92.66,Business,2.4,1,Employed,2.92,311675.0,22.0,Sacramento,Afternoon,2.91
9.12,97.24,Arts,2.04,3,Unemployed,17.01,149780.0,23.0,Sacramento,Morning,2.94
36.32,65.15,Arts,3.74,0,Employed,3.23,749281.0,20.0,San Diego,Afternoon,3.3
16.75,89.01,Arts,3.08,3,Employed,11.98,527975.0,22.0,Sacramento,Morning,3.19
19.51,99.26,Engineering,3.47,0,Employed,15.94,596659.0,21.0,Oakland,Evening,3.66
27.78,76.35,Engineering,2.44,2,Unemployed,9.83,584811.0,20.0,Los Angeles,Evening,3.04
14.38,62.63,Science,2.25,3,Unemployed,4.73,809318.0,24.0,Santa Ana,Afternoon,2.24
37.68,51.95,Science,2.31,4,Unemployed,10.12,676992.0,21.0,Fresno,Evening,3.02
10.92,87.98,Science,3.69,4,Unemployed,17.45,594149.0,23.0,San Francisco,Afternoon,3.45
38.63,56.94,Engineering,2.52,4,Employed,5.64,943565.0,20.0,Fresno,Afternoon,2.97
15.53,69.35,Arts,3.24,2,Unemployed,4.62,265543.0,24.0,Fresno,Morning,2.69
31.21,65.46,Science,2.71,3,Employed,9.36,517908.0,18.0,Sacramento,Afternoon,3.09
32.4,70.84,Arts,2.88,3,Unemployed,5.93,794099.0,22.0,Bakersfield,Afternoon,3.08
24.84,95.3,Business,3.71,3,Employed,16.15,,25.0,Anaheim,,3.89
32.47,71.3,Arts,3.47,1,Unemployed,17.08,,22.0,Bakersfield,Afternoon,3.77
23.63,95.64,Science,2.67,1,Employed,0.37,727093.0,19.0,Anaheim,Evening,2.82
24.09,90.27,Arts,3.79,4,Unemployed,13.67,999942.0,20.0,San Francisco,Morning,3.69
5.63,64.42,Business,2.63,2,Employed,11.22,692011.0,23.0,Sacramento,Evening,2.42
35.62,65.9,Business,3.5,1,Employed,0.0,630293.0,21.0,San Jose,Morning,3.06
6.16,68.49,Engineering,3.58,3,Unemployed,7.14,834945.0,20.0,Santa Ana,Afternoon,2.64
20.21,80.28,Arts,2.72,3,Unemployed,0.7,645836.0,23.0,San Francisco,Afternoon,2.6
12.73,83.7,Arts,3.05,4,Employed,3.28,602223.0,19.0,Sacramento,Afternoon,2.65
11.54,98.61,Science,2.92,3,Employed,2.93,918830.0,24.0,Sacramento,Afternoon,2.73
6.79,96.33,Arts,3.25,0,Unemployed,16.82,,18.0,Bakersfield,,3.26
21.91,80.59,Business,3.46,1,Unemployed,18.41,291784.0,19.0,San Diego,,3.63
33.78,52.31,Business,3.82,1,Unemployed,10.93,,24.0,Sacramento,Morning,3.44
19.88,77.27,Business,3.17,4,Employed,18.71,294381.0,22.0,Anaheim,Afternoon,3.47
14.4,70.18,Science,3.8,1,Unemployed,14.97,167260.0,18.0,San Jose,Afternoon,3.29
37.08,77.24,Science,3.99,2,Unemployed,6.23,952968.0,24.0,San Diego,Afternoon,3.64
5.35,52.01,Business,3.09,4,Unemployed,15.95,716698.0,25.0,Oakland,Morning,2.67
19.21,99.79,Business,2.5,1,Employed,16.72,989193.0,20.0,Fresno,Afternoon,3.39
30.46,52.85,Arts,3.29,0,Unemployed,10.24,106194.0,24.0,Oakland,Afternoon,3.16
35.92,63.63,Science,3.46,0,Employed,3.87,280532.0,24.0,Bakersfield,Afternoon,3.21
37.11,53.61,Science,3.3,3,Unemployed,1.42,249373.0,18.0,Fresno,Evening,2.96
4.48,77.38,Business,2.11,4,Employed,12.8,899160.0,21.0,Los Angeles,Afternoon,2.43
21.62,67.59,Engineering,2.38,3,Unemployed,3.65,505855.0,22.0,Anaheim,Afternoon,2.49
8.46,68.76,Engineering,2.48,1,Unemployed,17.97,779858.0,19.0,Sacramento,Evening,2.81
7.09,89.46,Engineering,2.49,1,Employed,10.82,454983.0,24.0,Sacramento,Morning,2.7
34.62,95.2,Science,3.88,2,Unemployed,4.94,666439.0,18.0,Anaheim,Afternoon,3.68
14.76,58.28,Science,3.34,0,Employed,1.27,233051.0,24.0,San Francisco,Evening,2.39
4.24,63.95,Business,2.46,4,Unemployed,12.27,440395.0,23.0,Sacramento,Evening,2.35
8.73,73.64,Science,2.33,3,Employed,8.12,941893.0,23.0,Santa Ana,Evening,2.35
15.24,55.64,Engineering,2.1,1,Employed,5.08,592295.0,25.0,Fresno,Afternoon,2.13
25.99,69.33,Engineering,2.57,0,Unemployed,8.54,713452.0,25.0,San Diego,Morning,2.91
24.97,65.1,Arts,2.67,1,Employed,16.72,,21.0,Sacramento,Morning,3.23
36.98,96.1,Business,2.56,4,Unemployed,13.35,638209.0,19.0,Santa Ana,Afternoon,3.69
12.61,59.93,Arts,3.44,1,Unemployed,1.65,355056.0,21.0,Santa Ana,Evening,2.4
15.88,86.06,Arts,3.13,4,Unemployed,13.84,207026.0,19.0,San Jose,Evening,3.23
11.32,60.79,Engineering,2.21,4,Employed,18.82,229506.0,21.0,San Francisco,Morning,2.76
4.66,81.28,Engineering,3.3,0,Unemployed,19.14,628817.0,18.0,Fresno,Morning,3.15
38.44,79.1,Arts,2.62,0,Unemployed,4.57,844262.0,24.0,San Francisco,,3.2
3.84,72.94,Science,3.48,4,Employed,11.82,286969.0,23.0,Anaheim,Afternoon,2.8
18.91,90.85,Arts,2.98,3,Unemployed,11.32,262559.0,20.0,Santa Ana,Afternoon,3.21
22.8,61.14,Engineering,2.28,1,Employed,16.09,264299.0,24.0,Santa Ana,Morning,2.95
28.01,73.86,Engineering,2.37,1,Employed,12.65,378101.0,22.0,Santa Ana,Afternoon,3.13
10.88,99.12,Arts,3.1,3,Employed,7.66,,20.0,San Jose,Afternoon,2.95
20.64,,Science,2.57,1,Employed,14.12,408409.0,25.0,San Francisco,Afternoon,2.89
15.51,77.27,Arts,2.76,0,Unemployed,16.22,641907.0,23.0,Oakland,Afternoon,3.11
3.88,64.66,Engineering,3.57,2,Unemployed,4.49,446221.0,25.0,San Diego,Evening,2.37
4.82,56.19,Science,3.11,2,Unemployed,19.25,312379.0,24.0,Los Angeles,Morning,2.85
16.15,92.58,Arts,3.75,0,Unemployed,0.78,845283.0,24.0,San Diego,Morning,2.94
0.14,78.88,Business,3.38,3,Unemployed,15.81,637088.0,25.0,San Francisco,Evening,2.89
1.0,78.94,Business,2.31,4,Employed,6.57,207125.0,19.0,Oakland,Morning,2.13
2.13,77.27,Arts,2.2,2,Unemployed,6.68,132011.0,25.0,Oakland,Afternoon,2.08
30.62,59.22,Science,3.29,4,Employed,11.86,869727.0,25.0,San Francisco,Morning,3.31
35.58,78.43,Business,3.07,3,Unemployed,17.8,753978.0,21.0,San Francisco,Afternoon,3.87
36.17,54.57,Engineering,3.47,0,Employed,18.56,290028.0,20.0,San Francisco,Morning,3.76
0.32,84.13,Arts,3.11,0,Unemployed,6.76,758934.0,19.0,San Diego,Morning,2.46
26.17,52.57,Science,3.98,0,Employed,12.95,844177.0,22.0,Sacramento,Afternoon,3.39
11.46,59.46,Business,3.96,0,Unemployed,14.38,991822.0,23.0,Bakersfield,Evening,3.12
2.8,64.71,Science,2.54,1,Unemployed,14.69,498647.0,24.0,Fresno,Morning,2.48
4.15,63.95,Arts,3.58,3,Employed,3.03,468055.0,21.0,Bakersfield,Afternoon,2.31
2.67,90.61,Science,3.53,3,Unemployed,16.31,690262.0,19.0,San Jose,Evening,3.15
22.01,,Business,3.68,0,Employed,8.66,,24.0,San Francisco,,3.12
12.28,53.7,Engineering,2.84,3,Employed,13.39,326574.0,21.0,Anaheim,Morning,2.68
6.65,53.4,Engineering,3.86,3,Unemployed,5.7,876805.0,21.0,San Jose,Morning,2.51
5.82,57.47,Arts,2.75,0,Unemployed,5.89,597776.0,22.0,Fresno,Afternoon,2.15
33.58,69.71,Science,3.43,4,Employed,14.38,904237.0,24.0,Los Angeles,Evening,3.64
0.9,59.84,Arts,3.2,1,Unemployed,3.63,987721.0,19.0,San Francisco,,2.04
19.81,61.75,Science,2.73,2,Unemployed,2.5,340235.0,19.0,Santa Ana,Morning,2.44
2.91,59.2,Business,2.46,2,Unemployed,14.44,369461.0,23.0,Bakersfield,Evening,2.36
5.84,64.94,Science,3.37,1,Employed,16.48,705637.0,21.0,Fresno,Morning,2.91
18.61,75.24,Arts,3.8,2,Employed,6.46,597699.0,23.0,Bakersfield,,3.08
8.28,98.57,Arts,2.8,4,Unemployed,17.3,262191.0,18.0,San Diego,Evening,3.2
25.47,89.6,Arts,2.19,0,Unemployed,15.87,185158.0,20.0,Anaheim,,3.31
15.16,58.63,Arts,2.56,2,Unemployed,19.74,612547.0,18.0,Fresno,Evening,2.97
31.38,90.14,Engineering,2.8,2,Unemployed,13.93,782172.0,25.0,Santa Ana,Evening,3.59
26.32,85.5,Arts,2.81,0,Employed,9.22,791349.0,19.0,Los Angeles,Afternoon,3.2
39.12,95.29,Science,3.28,2,Unemployed,3.81,933581.0,23.0,Los Angeles,Afternoon,3.57
14.28,71.74,Arts,2.23,1,Unemployed,14.66,383341.0,20.0,Los Angeles,Morning,2.78
17.85,93.35,Engineering,2.23,2,Employed,16.36,891511.0,25.0,San Jose,Morning,3.17
26.73,84.9,Engineering,2.35,2,Unemployed,16.48,649215.0,18.0,San Jose,Afternoon,3.37
16.88,63.65,Science,2.33,1,Employed,9.45,910545.0,21.0,Bakersfield,Afternoon,2.58
9.56,69.49,Arts,2.35,2,Employed,3.79,106685.0,20.0,San Francisco,Morning,2.17
0.27,91.92,Science,2.01,3,Unemployed,13.48,880904.0,25.0,San Diego,Afternoon,2.48
11.02,,Science,2.55,3,Unemployed,13.09,743809.0,18.0,Santa Ana,Morning,2.92
34.57,62.28,Arts,3.13,2,Unemployed,2.86,441535.0,22.0,San Diego,,3.0
23.58,91.81,Science,3.98,1,Unemployed,13.5,443272.0,25.0,Sacramento,Afternoon,3.76
0.19,97.29,Science,2.82,1,Employed,6.34,997498.0,18.0,San Francisco,Evening,2.5
31.52,93.89,Business,3.69,3,Unemployed,18.42,232897.0,25.0,Fresno,,4.0
0.62,69.06,Arts,2.42,4,Employed,3.2,193397.0,19.0,Sacramento,Morning,1.73
38.13,77.06,Science,3.88,0,Employed,9.23,140304.0,19.0,Sacramento,Evening,3.78
20.55,92.3,Engineering,2.03,0,Unemployed,16.74,152735.0,18.0,Sacramento,Morning,3.2
36.32,85.82,Engineering,2.05,2,Employed,1.67,546668.0,23.0,San Diego,Morning,2.9
35.44,85.46,Business,2.72,3,Employed,8.77,809415.0,24.0,Sacramento,,3.4
35.41,64.26,Science,3.75,2,Unemployed,6.27,653868.0,19.0,Sacramento,Afternoon,3.4
15.03,80.54,Science,3.13,0,Employed,16.32,150376.0,22.0,Fresno,Morning,3.25
7.44,52.72,Science,2.07,2,Unemployed,11.72,955707.0,25.0,Fresno,Morning,2.18
14.05,64.86,Science,3.68,0,Employed,8.65,481152.0,25.0,San Francisco,Afternoon,2.9
5.37,60.14,Arts,2.32,4,Employed,7.1,735050.0,18.0,San Jose,,2.02
33.38,69.35,Business,2.75,3,Employed,14.16,353356.0,19.0,Sacramento,,3.41
22.74,86.91,Engineering,2.17,2,Employed,1.47,,22.0,San Diego,Afternoon,2.6
9.94,63.03,Science,3.86,0,Employed,15.9,422026.0,19.0,San Francisco,Evening,3.14
32.8,58.95,Engineering,2.01,4,Employed,15.45,746212.0,22.0,Oakland,Afternoon,3.1
18.44,92.1,Engineering,3.76,1,Employed,8.2,810463.0,18.0,Fresno,Afternoon,3.33
0.44,95.75,Engineering,2.34,3,Unemployed,10.23,434378.0,23.0,San Jose,Afternoon,2.5
6.13,72.31,Engineering,2.4,2,Employed,19.87,547382.0,18.0,Fresno,Afternoon,2.85
16.87,62.22,Arts,2.44,4,Unemployed,3.21,828400.0,19.0,San Diego,Evening,2.29
3.1,62.62,Science,2.28,2,Unemployed,3.59,675544.0,,Oakland,,1.6
25.73,70.81,Business,2.29,3,Employed,14.1,845040.0,19.0,Oakland,Morning,3.06
7.89,90.12,Arts,3.74,4,Unemployed,3.59,158331.0,20.0,Oakland,Afternoon,2.82
23.76,78.07,Engineering,2.83,4,Unemployed,15.5,532972.0,22.0,Fresno,Afternoon,3.33
0.38,,Business,2.73,2,Unemployed,14.48,658098.0,20.0,Anaheim,Morning,2.64
5.79,98.91,Engineering,2.49,1,Unemployed,4.63,,22.0,Santa Ana,Afternoon,2.48
13.04,53.88,Engineering,3.81,4,Employed,7.3,346777.0,25.0,Los Angeles,Evening,2.75
3.51,,Science,3.17,2,Employed,2.77,838620.0,19.0,Fresno,Evening,2.28
39.34,73.97,Engineering,2.69,3,Employed,18.88,764035.0,23.0,Anaheim,Morning,3.83
9.28,77.7,Arts,2.4,0,Employed,13.75,465063.0,21.0,San Jose,Evening,2.73
35.95,58.4,Engineering,3.83,4,Employed,4.83,675398.0,23.0,Santa Ana,Evening,3.31
27.45,58.45,Arts,2.41,4,Employed,2.87,,25.0,Santa Ana,Morning,2.55
38.34,70.77,Arts,2.13,1,Employed,1.66,386161.0,23.0,Santa Ana,Morning,2.83
36.42,80.31,Business,3.26,4,Employed,5.22,339369.0,22.0,Los Angeles,Evening,3.39
35.15,65.14,Arts,2.55,4,Employed,10.07,386506.0,18.0,San Diego,Morning,3.17
23.11,74.88,Business,2.36,0,Employed,0.44,310627.0,21.0,Santa Ana,Morning,2.46
38.59,99.34,Science,3.21,3,Employed,11.05,468088.0,18.0,San Jose,Evening,3.94
7.23,51.52,Engineering,2.91,2,Unemployed,11.22,359175.0,25.0,San Jose,Evening,2.41
18.17,,Engineering,2.31,3,Unemployed,4.21,776227.0,21.0,Bakersfield,Morning,2.46
31.25,73.7,Business,3.15,2,Unemployed,0.2,939953.0,20.0,Santa Ana,Morning,2.93
19.34,84.59,Arts,3.33,3,Unemployed,9.11,961969.0,24.0,Anaheim,,3.16
39.78,63.32,Business,3.39,0,Unemployed,10.36,418304.0,25.0,Santa Ana,,3.56
29.33,90.0,Science,2.5,1,Unemployed,18.84,164132.0,24.0,Anaheim,Evening,3.63
8.25,70.05,Science,3.04,3,Employed,0.53,848771.0,18.0,Oakland,Afternoon,2.23
32.46,54.76,Arts,2.68,1,Unemployed,11.47,446123.0,19.0,San Jose,Afternoon,3.09
35.5,81.5,Science,3.85,0,Employed,19.99,288879.0,23.0,Sacramento,Morning,4.0
21.58,51.32,Science,2.96,1,Unemployed,2.4,823800.0,21.0,Anaheim,Afternoon,2.45
39.62,85.84,Business,3.14,1,Unemployed,6.64,295426.0,23.0,Anaheim,Morning,3.55
21.44,50.61,Arts,3.06,2,Employed,10.56,969216.0,24.0,Bakersfield,Morning,2.84
30.93,79.83,Engineering,4.0,3,Unemployed,0.55,177064.0,21.0,Anaheim,Afternoon,3.28
12.96,93.54,Business,3.79,0,Unemployed,14.93,824959.0,24.0,Fresno,,3.49
9.55,84.92,Engineering,3.97,4,Unemployed,19.13,524814.0,18.0,San Francisco,Evening,3.54
31.35,81.22,Business,2.48,0,Employed,10.1,332668.0,19.0,Bakersfield,Morning,3.23
7.72,71.59,Arts,2.96,0,Employed,13.14,833684.0,21.0,Santa Ana,Morning,2.77
11.36,66.81,Science,2.91,2,Employed,6.49,585697.0,20.0,Anaheim,Morning,2.51
14.73,68.51,Business,3.4,4,Employed,7.62,538370.0,22.0,Fresno,Afternoon,2.83
24.98,68.75,Science,3.45,2,Employed,9.66,620830.0,21.0,San Francisco,Evening,3.22
13.69,76.49,Business,2.84,0,Employed,6.84,295014.0,21.0,Santa Ana,Evening,2.69
12.84,57.17,Arts,3.05,1,Employed,6.73,,25.0,Anaheim,Morning,2.5
17.72,94.09,Science,2.93,1,Unemployed,1.09,381824.0,24.0,Santa Ana,Morning,2.76
17.99,81.29,Engineering,3.53,0,Employed,11.1,220947.0,19.0,Oakland,Afternoon,3.25
0.84,68.72,Arts,2.99,3,Employed,0.39,543614.0,,Fresno,Morning,1.86
12.66,99.11,Engineering,3.36,2,Employed,17.07,338421.0,25.0,San Francisco,Morning,3.5
18.79,,Arts,3.65,1,Unemployed,5.33,843236.0,20.0,Bakersfield,,3.2
9.42,80.34,Arts,3.36,2,Employed,14.64,580974.0,22.0,Los Angeles,Evening,3.1
19.08,68.59,Arts,2.73,0,Unemployed,0.75,,19.0,Santa Ana,Morning,2.4
22.77,68.45,Science,2.96,4,Employed,9.85,918326.0,18.0,San Diego,,2.99
33.58,53.34,Engineering,2.93,3,Unemployed,14.36,906218.0,22.0,Oakland,Afternoon,3.31
30.99,67.13,Arts,3.92,0,Unemployed,2.72,405942.0,25.0,San Diego,Morning,3.21
10.27,62.28,Business,2.87,2,Employed,17.69,401326.0,18.0,San Diego,Morning,2.9
5.15,80.43,Science,3.83,2,Employed,9.68,789254.0,24.0,Oakland,Afternoon,2.92
0.05,86.01,Arts,3.82,4,Employed,16.83,,25.0,Anaheim,Evening,3.15
15.94,64.62,Engineering,3.49,2,Unemployed,3.21,,23.0,San Jose,Afternoon,2.67
34.21,77.31,Engineering,2.4,3,Unemployed,8.06,584771.0,20.0,Sacramento,Afternoon,3.14
6.46,89.35,Science,2.85,1,Employed,3.16,690158.0,22.0,San Francisco,Morning,2.44
11.47,82.1,Engineering,3.29,1,Unemployed,10.82,597006.0,22.0,Oakland,Afternoon,2.98
21.73,87.18,Science,2.51,4,Unemployed,6.15,526989.0,25.0,Sacramento,Evening,2.87
23.75,60.9,Engineering,2.32,3,Employed,9.64,292344.0,20.0,San Diego,Evening,2.74
21.89,81.75,Business,2.96,4,Employed,11.37,,25.0,San Jose,Evening,3.18
0.1,63.69,Business,3.2,1,Unemployed,8.7,893592.0,18.0,San Diego,Evening,2.32
30.83,61.54,Engineering,3.29,2,Unemployed,14.04,776099.0,25.0,Santa Ana,Afternoon,3.43
36.01,63.55,Arts,3.22,4,Unemployed,9.22,815177.0,19.0,Los Angeles,,3.36
10.11,68.33,Science,2.58,3,Unemployed,11.26,260434.0,22.0,Sacramento,Afternoon,2.61
5.33,73.55,Business,2.7,2,Unemployed,4.44,378586.0,21.0,Oakland,Evening,2.25
30.74,61.46,Engineering,2.77,4,Employed,19.2,450762.0,22.0,San Diego,Afternoon,3.48
29.2,67.5,Engineering,2.41,3,Unemployed,6.12,447646.0,23.0,San Diego,Afternoon,2.83
31.72,94.82,Business,2.41,2,Employed,8.08,753728.0,20.0,Anaheim,Morning,3.27
36.76,56.73,Business,2.92,1,Employed,8.74,426568.0,24.0,San Diego,Morning,3.19
1.77,60.79,Engineering,2.26,1,Employed,17.18,551265.0,18.0,Santa Ana,Afternoon,2.41
21.48,53.03,Business,2.22,2,Unemployed,19.65,689183.0,25.0,Oakland,Morning,2.97
31.56,85.44,Arts,3.01,3,Employed,18.21,838658.0,20.0,Oakland,Morning,3.82
20.05,76.47,Science,2.1,1,Employed,8.69,736357.0,19.0,Anaheim,Afternoon,2.69
22.09,73.72,Science,2.8,4,Unemployed,12.78,876503.0,20.0,Bakersfield,Evening,3.12
22.66,51.72,Engineering,3.5,0,Employed,9.53,887245.0,23.0,Oakland,Evening,2.97
0.42,98.07,Arts,3.95,4,Unemployed,3.68,228035.0,21.0,Bakersfield,Evening,2.77
36.17,92.2,Engineering,3.0,1,Unemployed,1.8,797268.0,24.0,San Jose,Evening,3.28
8.43,91.02,Science,2.51,3,Employed,7.07,438517.0,19.0,San Francisco,Afternoon,2.61
1.02,93.76,Science,3.26,1,Employed,17.44,883515.0,21.0,Bakersfield,Afternoon,3.11
25.34,88.85,Arts,2.29,0,Unemployed,11.23,783277.0,22.0,Sacramento,,3.13
22.41,56.97,Engineering,3.86,1,Employed,3.56,611540.0,24.0,Fresno,Evening,2.88
5.11,98.57,Business,3.51,4,Employed,11.4,330011.0,20.0,Los Angeles,Afternoon,3.09
39.93,96.69,Engineering,2.3,1,Employed,7.79,286056.0,19.0,San Francisco,Evening,3.46
15.66,84.8,Science,2.2,4,Unemployed,12.09,,25.0,Bakersfield,Afternoon,2.84
10.64,64.6,Business,3.85,0,Employed,11.55,920885.0,21.0,Santa Ana,Afternoon,2.98
4.05,50.06,Arts,3.91,3,Unemployed,1.56,609882.0,24.0,Santa Ana,Evening,2.22
21.38,74.29,Engineering,2.5,3,Employed,2.78,346323.0,24.0,Los Angeles,Morning,2.58
6.57,79.74,Business,2.34,1,Employed,19.72,715657.0,22.0,Fresno,Morning,2.9
5.83,99.7,Engineering,3.38,4,Unemployed,8.54,534023.0,21.0,Oakland,Morning,2.95
29.1,56.65,Arts,3.99,3,Unemployed,2.38,,19.0,Fresno,Morning,3.04
2.67,,Business,2.52,4,Unemployed,1.56,830153.0,20.0,Los Angeles,Evening,1.52
28.53,71.32,Engineering,2.72,3,Employed,6.76,336408.0,23.0,Anaheim,Morning,2.96
2.79,87.55,Business,2.72,1,Unemployed,10.26,261098.0,19.0,Los Angeles,Morning,2.62
15.77,67.0,Business,2.93,0,Employed,15.99,190566.0,21.0,Bakersfield,Evening,3.04
5.0,83.12,Business,2.52,2,Employed,3.63,586979.0,23.0,Fresno,,2.25
39.39,94.47,Business,3.12,0,Unemployed,3.08,486575.0,18.0,Anaheim,Afternoon,3.49
9.45,89.66,Science,3.66,3,Employed,10.52,404105.0,25.0,Santa Ana,Evening,3.13
14.58,55.08,Arts,2.8,0,Employed,2.98,115810.0,24.0,San Diego,Morning,2.26
8.45,72.3,Business,2.56,0,Employed,13.94,818132.0,23.0,Bakersfield,Morning,2.71
21.76,51.9,Arts,3.87,1,Employed,2.79,,23.0,Oakland,Morning,2.79
36.89,58.43,Business,3.1,0,Employed,13.69,745184.0,19.0,Sacramento,Evening,3.48
19.31,88.54,Engineering,2.47,1,Employed,18.81,556746.0,22.0,Sacramento,Evening,3.35
29.69,58.7,Science,2.69,3,Employed,8.01,833875.0,,San Francisco,Evening,2.91
14.2,77.94,Business,3.0,3,Unemployed,2.6,253259.0,24.0,San Diego,Evening,2.58
11.3,80.75,Arts,2.18,4,Unemployed,19.62,,22.0,Sacramento,,2.98
3.94,57.83,Business,2.07,1,Employed,11.21,423582.0,22.0,Santa Ana,Evening,2.08
38.8,95.74,Arts,3.42,0,Unemployed,12.64,737529.0,21.0,Santa Ana,Evening,4.0
15.14,52.93,Arts,3.48,1,Unemployed,16.42,617334.0,18.0,Santa Ana,,3.07
34.94,95.96,Engineering,2.94,4,Employed,13.89,705550.0,23.0,Anaheim,Evening,3.81
24.79,55.69,Arts,3.73,2,Employed,8.81,836637.0,24.0,San Diego,Evening,3.13
27.13,95.04,Engineering,3.18,1,Employed,10.29,853556.0,24.0,Oakland,Afternoon,3.49
18.29,68.39,Engineering,3.51,1,Employed,11.12,534873.0,18.0,San Francisco,,3.11
13.09,89.49,Arts,3.87,2,Employed,8.91,504123.0,22.0,San Jose,Morning,3.22
18.95,69.71,Engineering,3.58,1,Employed,14.2,122787.0,19.0,Fresno,Evening,3.3
30.66,86.66,Arts,2.62,2,Employed,9.31,490326.0,22.0,Anaheim,Afternoon,3.28
36.48,92.62,Business,2.24,1,Employed,4.54,233685.0,22.0,Fresno,Morning,3.16
19.81,76.27,Business,2.08,2,Employed,5.27,805809.0,19.0,Fresno,Afternoon,2.52
21.23,70.11,Science,2.78,1,Employed,17.07,407665.0,21.0,Sacramento,Evening,3.23
29.3,69.73,Science,2.01,2,Employed,2.9,250198.0,23.0,Bakersfield,Morning,2.6
38.37,52.83,Arts,3.48,3,Unemployed,5.24,153765.0,23.0,Anaheim,Afternoon,3.22
26.31,50.74,Engineering,2.9,4,Unemployed,13.9,169471.0,21.0,Fresno,Morning,3.05
34.0,87.18,Science,3.46,3,Unemployed,0.42,108197.0,20.0,Sacramento,Afternoon,3.26
16.16,70.77,Business,3.0,3,Employed,16.01,756115.0,19.0,Fresno,Evening,3.13
7.18,57.55,Business,2.03,3,Employed,11.74,741254.0,21.0,Los Angeles,,2.22
18.26,98.57,Science,2.21,2,Employed,5.79,451388.0,23.0,San Jose,Morning,2.79
4.82,56.19,Science,3.11,2,Unemployed,19.25,312379.0,24.0,Los Angeles,Morning,2.85
29.44,90.17,Arts,3.27,2,Unemployed,14.47,580978.0,19.0,Los Angeles,Morning,3.71
31.36,55.22,Arts,3.4,3,Unemployed,9.29,577397.0,20.0,Fresno,Morning,3.21
19.76,81.97,Science,2.25,2,Unemployed,0.62,393077.0,20.0,San Jose,Afternoon,2.4
15.94,64.62,Engineering,3.49,2,Unemployed,3.21,,23.0,San Jose,Afternoon,2.67
29.69,61.1,Business,2.49,0,Employed,11.82,378778.0,22.0,Los Angeles,Morning,3.03
3.84,72.94,Science,3.48,4,Employed,11.82,286969.0,23.0,Anaheim,Afternoon,2.8
5.78,95.5,Arts,2.12,2,Unemployed,19.84,897727.0,21.0,Los Angeles,Morning,2.98
36.58,92.08,Arts,3.61,1,Employed,14.03,983011.0,19.0,San Jose,Evening,4.0
39.09,67.8,Arts,2.57,2,Unemployed,8.67,,25.0,Fresno,Morning,3.26
13.57,,Business,3.75,4,Unemployed,9.42,989170.0,20.0,San Francisco,Evening,2.87
2.79,87.55,Business,2.72,1,Unemployed,10.26,261098.0,19.0,Los Angeles,Morning,2.62
32.3,56.72,Business,3.2,0,Unemployed,10.22,823094.0,25.0,Fresno,Evening,3.22
39.39,94.47,Business,3.12,0,Unemployed,3.08,486575.0,18.0,Anaheim,Afternoon,3.49
11.38,75.39,Engineering,3.99,3,Employed,10.22,,19.0,Santa Ana,Morning,3.12
17.72,92.26,Business,2.98,3,Employed,0.92,377736.0,25.0,Los Angeles,Morning,2.74
26.79,93.12,Engineering,3.63,1,Unemployed,12.7,968826.0,21.0,San Jose,Evening,3.71
22.21,53.3,Business,3.39,4,Employed,10.66,865727.0,18.0,San Jose,Afternoon,2.99
30.43,73.26,Engineering,3.09,1,Unemployed,0.02,308941.0,20.0,Los Angeles,Evening,2.88
33.08,77.42,Business,2.19,4,Unemployed,1.23,,22.0,San Francisco,Afternoon,2.76
3.05,99.97,Engineering,2.74,3,Employed,4.73,843809.0,19.0,Los Angeles,,2.51
17.46,91.76,Engineering,2.77,0,Employed,3.62,607713.0,22.0,Sacramento,Afternoon,2.78
16.33,81.26,Arts,3.23,3,Unemployed,10.82,706706.0,18.0,Bakersfield,Evening,3.09
23.91,75.68,Arts,3.47,2,Employed,10.94,978262.0,23.0,San Jose,Morning,3.32
30.82,65.28,Engineering,2.22,0,Unemployed,7.32,858023.0,23.0,Oakland,Afternoon,2.84
28.4,92.76,Science,2.67,4,Unemployed,12.11,432018.0,19.0,Los Angeles,Afternoon,3.42
4.83,72.43,Engineering,3.94,1,Unemployed,4.33,834396.0,22.0,San Jose,Morning,2.64
15.2,55.43,Engineering,3.96,0,Unemployed,15.74,410628.0,22.0,Oakland,Morning,3.24
13.33,,Engineering,3.52,4,Unemployed,11.13,,21.0,San Diego,Evening,3.03
7.72,71.59,Arts,2.96,0,Employed,13.14,833684.0,21.0,Santa Ana,Morning,2.77
30.32,51.19,Arts,2.83,0,Unemployed,11.97,120614.0,25.0,Sacramento,Evening,3.05
7.17,75.01,Business,2.86,3,Unemployed,0.18,867813.0,20.0,San Francisco,Morning,2.18
8.86,96.47,Engineering,2.67,1,Employed,19.43,877094.0,23.0,Santa Ana,Evening,3.24
26.64,63.72,Engineering,3.91,1,Employed,14.31,372834.0,18.0,Bakersfield,Evening,3.55
28.03,68.65,Science,2.15,4,Unemployed,0.91,409182.0,23.0,Sacramento,Afternoon,2.48
6.46,52.32,Engineering,3.08,0,Unemployed,16.85,626243.0,21.0,Fresno,Afternoon,2.74
36.0,59.01,Engineering,3.35,3,Employed,5.94,434507.0,25.0,Santa Ana,Afternoon,3.22
2.41,98.29,Science,3.32,3,Employed,2.0,819923.0,19.0,San Jose,Afternoon,2.56
23.56,89.01,Arts,2.58,1,Employed,0.8,267389.0,25.0,Los Angeles,Afternoon,2.74
32.8,58.95,Engineering,2.01,4,Employed,15.45,746212.0,22.0,Oakland,Afternoon,3.1
37.65,,Arts,2.7,3,Unemployed,12.62,961316.0,18.0,Bakersfield,,3.67
21.52,70.81,Science,3.57,2,Employed,10.33,919361.0,21.0,San Diego,Afternoon,3.21
37.64,64.06,Arts,2.09,4,Employed,18.62,770370.0,21.0,San Francisco,Afternoon,3.45
24.84,74.9,Science,2.83,0,Unemployed,4.3,560137.0,19.0,Santa Ana,Morning,2.85
22.99,95.99,Engineering,3.96,2,Unemployed,2.01,722961.0,23.0,San Francisco,Morning,3.29
31.23,86.74,Arts,2.37,4,Employed,4.28,953519.0,24.0,Bakersfield,Afternoon,2.99
14.45,63.3,Engineering,3.44,3,Unemployed,14.17,637430.0,22.0,Sacramento,Afternoon,3.05
3.93,64.53,Arts,3.97,3,Unemployed,9.83,466811.0,18.0,Sacramento,Morning,2.78
38.37,52.83,Arts,3.48,3,Unemployed,5.24,153765.0,23.0,Anaheim,Afternoon,3.22
37.28,63.11,Engineering,2.31,3,Unemployed,4.63,267163.0,18.0,San Diego,Afternoon,2.89
32.75,89.95,Arts,2.02,2,Employed,8.8,482072.0,20.0,Santa Ana,Afternoon,3.14
25.46,63.09,Engineering,3.07,1,Employed,5.42,385908.0,21.0,Santa Ana,Morning,2.86
16.12,,Engineering,2.99,1,Employed,17.07,731797.0,20.0,Anaheim,Evening,3.45
34.37,97.94,Engineering,3.34,3,Unemployed,12.41,118747.0,23.0,Fresno,Afternoon,3.91
31.94,63.65,Engineering,3.72,0,Employed,15.2,539140.0,18.0,San Jose,Morning,3.66
39.34,73.97,Engineering,2.69,3,Employed,18.88,764035.0,23.0,Anaheim,Morning,3.83
35.53,63.93,Science,2.87,4,Employed,18.04,945029.0,25.0,Anaheim,Afternoon,3.62
14.61,96.43,Arts,2.08,3,Unemployed,7.27,416180.0,23.0,Fresno,Morning,2.7
2.44,61.06,Business,2.54,2,Employed,12.11,462641.0,24.0,Fresno,Morning,2.3
25.72,95.76,Engineering,3.52,3,Unemployed,4.8,675037.0,24.0,San Francisco,Evening,3.34
4.67,94.97,Science,3.62,4,Unemployed,1.69,286585.0,24.0,Santa Ana,Morning,2.67
19.35,74.16,Arts,2.65,0,Unemployed,14.37,193154.0,18.0,Oakland,Evening,3.05
8.34,97.43,Arts,3.71,2,Unemployed,18.07,159220.0,23.0,Anaheim,Evening,3.52
2.13,77.27,Arts,2.2,2,Unemployed,6.68,132011.0,25.0,Oakland,Afternoon,2.08
22.8,61.14,Engineering,2.28,1,Employed,16.09,264299.0,24.0,Santa Ana,Morning,2.95
16.65,85.21,Science,2.94,0,Employed,13.83,465174.0,20.0,San Diego,Evening,3.17
15.51,77.27,Arts,2.76,0,Unemployed,16.22,641907.0,23.0,Oakland,Afternoon,3.11
30.16,70.07,Arts,2.74,0,Employed,18.19,,21.0,San Francisco,Evening,3.5
22.27,57.17,Business,2.08,4,Unemployed,6.13,409722.0,20.0,San Jose,Afternoon,2.39
25.11,99.55,Engineering,3.25,0,Unemployed,2.9,442236.0,25.0,San Jose,Evening,3.19
23.95,96.36,Arts,2.92,0,Unemployed,16.52,157559.0,25.0,Los Angeles,Morning,3.6
13.01,80.56,Arts,2.63,3,Employed,19.52,132078.0,21.0,Anaheim,Evening,3.17
5.83,99.7,Engineering,3.38,4,Unemployed,8.54,534023.0,21.0,Oakland,Morning,2.95
38.64,91.58,Arts,3.9,1,Unemployed,13.89,871203.0,22.0,Anaheim,Morning,4.0
28.43,94.42,Science,2.25,2,Unemployed,5.9,492328.0,25.0,Bakersfield,Evening,3.02
24.33,,Engineering,3.53,0,Unemployed,13.66,363739.0,19.0,Sacramento,Afternoon,3.72
19.81,61.75,Science,2.73,2,Unemployed,2.5,340235.0,19.0,Santa Ana,Morning,2.44
38.14,54.9,Arts,2.42,2,Employed,7.28,212817.0,19.0,Oakland,Morning,2.97
21.48,96.37,Business,3.43,1,Employed,2.75,611429.0,19.0,San Jose,Afternoon,3.11
23.03,94.38,Arts,2.44,0,Employed,19.31,570819.0,22.0,San Jose,Morning,3.52
28.06,57.81,Science,2.87,3,Employed,1.54,911816.0,19.0,Sacramento,Morning,2.65
35.74,51.38,Business,3.66,0,Unemployed,17.02,213803.0,25.0,San Francisco,Evening,3.68
16.96,64.0,Science,2.02,0,Unemployed,2.82,789618.0,24.0,Los Angeles,Afternoon,2.16
0.42,98.07,Arts,3.95,4,Unemployed,3.68,228035.0,21.0,Bakersfield,Evening,2.77
19.81,76.27,Business,2.08,2,Employed,5.27,805809.0,19.0,Fresno,Afternoon,2.52
25.48,57.38,Engineering,2.11,1,Employed,17.64,377399.0,24.0,Santa Ana,,3.01
25.47,89.6,Arts,2.19,0,Unemployed,15.87,185158.0,20.0,Anaheim,,3.31
1.92,83.11,Science,2.19,3,Unemployed,16.64,302790.0,20.0,San Jose,Evening,2.65
1.25,95.06,Arts,2.91,3,Unemployed,19.23,458202.0,19.0,Oakland,Afternoon,3.1
6.88,70.28,Business,2.57,4,Unemployed,9.73,801058.0,23.0,Fresno,Afternoon,2.44
0.23,88.42,Engineering,2.32,3,Employed,11.4,162663.0,18.0,Sacramento,Afternoon,2.45
29.22,78.68,Science,3.48,0,Employed,6.48,500713.0,23.0,Oakland,Afternoon,3.31
22.41,56.97,Engineering,3.86,1,Employed,3.56,611540.0,24.0,Fresno,Evening,2.88
6.11,51.89,Science,2.99,1,Employed,9.69,674571.0,23.0,Sacramento,Evening,2.33
38.71,63.18,Arts,2.27,0,Employed,17.06,706444.0,24.0,Bakersfield,Evening,3.45
22.76,86.99,Science,3.88,4,Employed,0.12,467149.0,24.0,San Jose,,3.07
27.39,95.3,Engineering,3.26,0,Employed,16.89,453188.0,23.0,San Francisco,Afternoon,3.86
27.09,94.94,Arts,2.07,1,Employed,1.26,360265.0,19.0,Los Angeles,,2.75
16.19,73.24,Business,2.05,0,Employed,0.41,985166.0,18.0,San Diego,,2.12
27.6,96.22,Science,2.57,1,Unemployed,7.48,905902.0,23.0,Los Angeles,Morning,3.2
29.71,68.85,Science,3.34,2,Employed,4.41,489797.0,18.0,Anaheim,Afternoon,3.07
11.36,66.81,Science,2.91,2,Employed,6.49,585697.0,20.0,Anaheim,Morning,2.51
7.49,71.01,Science,3.88,1,Unemployed,6.65,,20.0,Oakland,Afternoon,2.78
4.38,83.65,Engineering,3.32,0,Unemployed,1.61,340733.0,23.0,Santa Ana,Evening,2.39
35.58,78.43,Business,3.07,3,Unemployed,17.8,753978.0,21.0,San Francisco,Afternoon,3.87
11.8,59.73,Arts,3.68,1,Unemployed,15.68,782650.0,21.0,San Diego,Afternoon,3.1
28.76,51.23,Science,2.38,4,Unemployed,5.54,,25.0,San Jose,Morning,2.62
28.57,,Business,3.85,4,Unemployed,13.99,731024.0,23.0,Santa Ana,Morning,3.72
36.76,56.73,Business,2.92,1,Employed,8.74,426568.0,24.0,San Diego,Morning,3.19
36.61,90.77,Science,2.57,0,Employed,7.4,708973.0,22.0,San Diego,Afternoon,3.38
19.88,77.27,Business,3.17,4,Employed,18.71,294381.0,22.0,Anaheim,Afternoon,3.47
22.66,51.72,Engineering,3.5,0,Employed,9.53,887245.0,23.0,Oakland,Evening,2.97
24.35,79.47,Science,3.14,3,Employed,17.34,651950.0,22.0,San Francisco,Evening,3.53
5.37,60.14,Arts,2.32,4,Employed,7.1,735050.0,18.0,San Jose,,2.02
13.54,57.1,Business,3.24,2,Employed,14.2,535043.0,24.0,Oakland,Afternoon,2.9
15.73,59.73,Arts,2.34,3,Unemployed,7.6,612437.0,23.0,Bakersfield,Morning,2.38
29.37,72.4,Science,2.49,0,Employed,15.91,468109.0,18.0,Sacramento,Morning,3.33
39.23,64.93,Science,3.17,1,Employed,0.27,565710.0,25.0,San Diego,Evening,3.05
21.62,67.59,Engineering,2.38,3,Unemployed,3.65,505855.0,22.0,Anaheim,Afternoon,2.49
38.67,84.0,Engineering,2.81,2,Employed,15.3,548131.0,19.0,San Jose,Morning,3.78
5.86,86.62,Engineering,2.93,0,Employed,8.71,569700.0,21.0,Oakland,Afternoon,2.69
19.35,53.94,Business,3.55,2,Employed,15.64,217307.0,22.0,San Francisco,,3.19
14.65,78.81,Arts,3.68,4,Employed,9.45,581635.0,21.0,San Francisco,,3.11
10.64,66.0,Business,2.04,2,Unemployed,14.47,504382.0,21.0,Oakland,Morning,2.55
15.93,67.48,Arts,3.83,4,Unemployed,11.35,790596.0,23.0,Fresno,Afternoon,3.14
4.24,63.95,Business,2.46,4,Unemployed,12.27,440395.0,23.0,Sacramento,Evening,2.35
39.46,91.12,Science,3.63,3,Employed,12.09,846199.0,23.0,Anaheim,Afternoon,4.0
10.58,60.58,Arts,3.81,2,Unemployed,13.33,501557.0,19.0,Fresno,Afternoon,3.01
27.61,,Engineering,2.8,4,Unemployed,5.42,595830.0,21.0,Los Angeles,Afternoon,2.71
25.83,95.75,Science,2.15,2,Unemployed,14.04,775889.0,19.0,Los Angeles,Morning,3.29
10.39,91.05,Science,2.2,2,Employed,10.34,822361.0,20.0,San Diego,Evening,2.7
31.14,57.46,Arts,2.88,0,Employed,4.9,934214.0,19.0,Bakersfield,Afternoon,2.87
0.58,94.29,Business,3.61,4,Unemployed,10.06,509916.0,22.0,San Francisco,Afternoon,2.89
34.0,87.18,Science,3.46,3,Unemployed,0.42,108197.0,20.0,Sacramento,Afternoon,3.26
38.13,77.06,Science,3.88,0,Employed,9.23,140304.0,19.0,Sacramento,Evening,3.78
5.63,64.42,Business,2.63,2,Employed,11.22,692011.0,23.0,Sacramento,Evening,2.42
0.19,97.29,Science,2.82,1,Employed,6.34,997498.0,18.0,San Francisco,Evening,2.5
34.89,66.49,Arts,3.98,1,Unemployed,16.16,,23.0,Santa Ana,Evening,3.95
15.53,69.35,Arts,3.24,2,Unemployed,4.62,265543.0,24.0,Fresno,Morning,2.69
12.41,63.53,Science,2.76,4,Employed,7.56,912188.0,22.0,Sacramento,Afternoon,2.49
33.82,86.23,Engineering,3.12,1,Unemployed,0.93,330861.0,24.0,Oakland,Evening,3.15
36.01,63.55,Arts,3.22,4,Unemployed,9.22,815177.0,19.0,Los Angeles,,3.36
16.68,50.72,Business,2.21,0,Unemployed,11.1,413113.0,23.0,Los Angeles,Morning,2.43
26.43,75.41,Engineering,2.98,1,Unemployed,15.0,,23.0,Oakland,Morning,3.41
7.24,94.29,Arts,2.92,2,Employed,3.91,199302.0,21.0,San Diego,Afternoon,2.61
3.34,93.92,Science,2.37,1,Employed,8.94,895928.0,25.0,Anaheim,Afternoon,2.52
17.72,94.09,Science,2.93,1,Unemployed,1.09,381824.0,24.0,Santa Ana,Morning,2.76
2.13,50.64,Arts,3.79,0,Unemployed,12.64,470278.0,20.0,Los Angeles,Morning,2.65
2.47,59.82,Business,2.56,0,Unemployed,12.7,372400.0,24.0,Oakland,Morning,2.3
18.97,97.21,Business,2.98,3,Employed,4.18,385960.0,24.0,Fresno,Afternoon,2.95
5.0,83.12,Business,2.52,2,Employed,3.63,586979.0,23.0,Fresno,,2.25
37.58,97.68,Arts,2.07,2,Employed,4.29,718662.0,24.0,San Jose,Evening,3.18
15.42,94.15,Science,2.34,4,Unemployed,16.8,507614.0,24.0,San Diego,Afternoon,3.17
30.83,83.17,Engineering,3.89,4,Employed,17.58,968956.0,,San Diego,Evening,4.0
17.76,50.31,Science,2.32,3,Unemployed,10.81,234767.0,23.0,Sacramento,,2.49
6.38,69.28,Engineering,3.65,1,Unemployed,0.19,307577.0,24.0,San Jose,Evening,2.33
23.15,75.87,Science,2.44,4,Unemployed,12.52,206371.0,21.0,San Diego,Afternoon,3.03
22.01,60.36,Arts,2.06,4,Employed,1.43,443115.0,25.0,Anaheim,Evening,2.2
7.99,91.19,Arts,2.49,1,Unemployed,17.04,294580.0,25.0,Fresno,Morning,3.0
29.7,77.11,Science,2.35,1,Unemployed,9.61,824730.0,21.0,Los Angeles,Evening,3.06
30.13,92.2,Business,2.62,4,Unemployed,2.77,915942.0,25.0,Bakersfield,Afternoon,3.03
26.31,89.84,Arts,2.62,0,Unemployed,7.35,270630.0,,Anaheim,Evening,3.11
19.15,85.45,Business,2.91,0,Unemployed,18.04,109191.0,18.0,Sacramento,Evening,3.42
35.95,58.4,Engineering,3.83,4,Employed,4.83,675398.0,23.0,Santa Ana,Evening,3.31
25.36,81.36,Engineering,2.15,2,Unemployed,2.87,656413.0,21.0,San Jose,Afternoon,2.66
0.6,51.57,Science,2.62,1,Employed,13.17,559833.0,25.0,Anaheim,Evening,2.23
11.15,76.26,Engineering,3.48,0,Employed,10.26,327476.0,25.0,San Jose,Morning,2.95
34.62,95.2,Science,3.88,2,Unemployed,4.94,666439.0,18.0,Anaheim,Afternoon,3.68
25.39,51.91,Arts,3.06,0,Unemployed,13.75,130554.0,20.0,Bakersfield,Morning,3.09
17.13,82.3,Science,2.78,3,Employed,6.12,351904.0,24.0,Oakland,Afternoon,2.78
20.12,74.06,Science,3.24,0,Unemployed,4.86,625645.0,24.0,San Francisco,Afternoon,2.86
2.81,95.8,Arts,3.89,1,Employed,3.95,491086.0,20.0,San Francisco,Evening,2.81
5.96,76.55,Arts,3.84,1,Unemployed,3.16,412873.0,19.0,Sacramento,Morning,2.64
10.42,84.86,Engineering,3.64,0,Unemployed,16.0,110648.0,24.0,Santa Ana,Afternoon,3.33
7.61,61.22,Arts,3.95,4,Unemployed,8.33,947830.0,23.0,San Diego,Morning,2.77
21.04,75.19,Arts,3.67,3,Employed,11.91,,22.0,Los Angeles,Morning,3.35
25.85,70.44,Engineering,2.99,0,Unemployed,0.0,769085.0,18.0,Bakersfield,Morning,2.7
1.0,78.94,Business,2.31,4,Employed,6.57,207125.0,19.0,Oakland,Morning,2.13
28.53,71.32,Engineering,2.72,3,Employed,6.76,336408.0,23.0,Anaheim,Morning,2.96
4.6,70.94,Business,2.24,3,Unemployed,11.63,238164.0,22.0,Fresno,Afternoon,2.34
16.08,56.81,Arts,2.62,4,Employed,14.9,,18.0,Anaheim,Morning,2.81
21.91,80.59,Business,3.46,1,Unemployed,18.41,291784.0,19.0,San Diego,,3.63
19.0,59.62,Science,2.97,2,Employed,6.74,342101.0,19.0,Los Angeles,Evening,2.68
31.67,79.39,Science,3.92,3,Employed,18.62,327335.0,20.0,Sacramento,Afternoon,4.0
0.57,93.07,Business,3.71,2,Unemployed,8.14,619676.0,19.0,San Jose,Morning,2.85
20.29,70.67,Arts,3.43,2,Employed,14.26,970958.0,24.0,Los Angeles,Morning,3.3
19.5,72.55,Business,2.41,1,Unemployed,16.65,879925.0,23.0,San Francisco,,3.06
14.51,60.13,Engineering,3.01,3,Unemployed,17.55,194139.0,20.0,Bakersfield,Afternoon,3.03
15.14,52.93,Arts,3.48,1,Unemployed,16.42,617334.0,18.0,Santa Ana,,3.07
4.46,92.42,Business,2.22,2,Employed,6.23,,22.0,San Jose,Afternoon,2.33
0.32,84.13,Arts,3.11,0,Unemployed,6.76,758934.0,19.0,San Diego,Morning,2.46
20.98,89.28,Arts,2.05,0,Unemployed,4.69,456981.0,19.0,Santa Ana,Afternoon,2.67
39.58,88.24,Science,3.73,1,Unemployed,2.82,871404.0,18.0,San Jose,Afternoon,3.61
8.45,72.3,Business,2.56,0,Employed,13.94,818132.0,23.0,Bakersfield,Morning,2.71
27.83,95.78,Science,2.87,3,Employed,13.84,641889.0,22.0,Anaheim,Morning,3.57
0.44,95.75,Engineering,2.34,3,Unemployed,10.23,434378.0,23.0,San Jose,Afternoon,2.5
14.61,97.33,Science,3.09,4,Employed,12.36,863245.0,23.0,San Jose,,3.24
11.07,70.77,Business,2.38,2,Unemployed,18.67,251392.0,20.0,Anaheim,Evening,2.89
15.77,73.58,Arts,2.37,2,Employed,15.17,176693.0,20.0,Bakersfield,Morning,2.9
